account,name,activeStake,softwareClient
HEL1USMZKAL2odpNBj2oCjffnFGaYwmbGmyewGv1e2TU,"Helius",14208048209638374,JitoLabs
Fd7btgySsrjuo25CJCj7oE7VPMyezDhnx7pZkj2v69Nk,"Figment",13244694058931150,Rakurai
DRpbCBMxVnDK7maPM5tGv6MvB3v1sRMC86PZ8okm21hy,"binance staking",13040563526777552,AgaveBam
JupmVLmA8RoyTUbTMMuTtoPWHEiNQobxgTeGTrPNkzT,"Jupiter",12231279657971244,Harmonic
q9XWcZ7T1wP4bW9SB4XgNNwjnFEJ982nE8aVbbNuwot,"Ledger by Figment",8581617939396233,JitoLabs
EvnRmnMrd69kFdbLMxWkTn1icZ7DCceRhvmb2SJXqDo4,"Everstake",7374017014841648,Frankendancer Rev
E1r4Psq84tHfQ6aPTvvDka4U3u8zPVD7gEUrH25RdxHL,"Bitwise Onchain Solutions",7067126370693613,JitoLabs
DtdSSG8ZJRZVv5Jx7K1MeWp7Zxcu19GD5wQRGRpQ9uMF,"Galaxy",6986991535736896,Frankendancer Vanilla
JD549HsbJHeEKKUrKgg4Fj2iyv2RGjsV7NTZjZUrHybB,"Forward Industries",6852677446792376,Frankendancer Rev
Awes4Tr6TX8JDzEhCZY2QVNimT6iD1zWHzf1vNyGvpLM,"Staking Facilities | MEV 🔥",6609306872209821,Frankendancer
5pPRHniefFjkiaArbGX3Y8NUysJmQ9tMZg3FrFGwHzSm,"Kiln1",6521660066467204,JitoLabs
CAo1dCGYrB6NhHh5xb1cGjUiu86iyCfMTENxgHumSve4,"Kraken 2",6197863600887530,HarmonicAgave
9jxgosAfHgHzwnxsHw4RAZYaLVokMbnYtmiZBreynGFP,"",5074016980322560,Frankendancer
5Cchr1XGEg7dbBXByV5NY2ad8jfxAM7HA3x8D56rq9Ux,"Upbit Staking",4920483592626200,Agave
9rkJMARqK6VBkcxGfKBAwnA44gPAfGxPbPsfsggFNDSQ,"",4620132550854544,JitoLabs
EkvdKhULbMFqjKBKotAzGi3kwMvMpYNDKJXXQQmi6C1f,"",3952225741865605,HarmonicAgave
FBKFWadXZJahGtFitAsBvbqh5968gLY7dMBBJUoUjeNi,"",3935902528862135,HarmonicAgave
BtsmiEEvnSuUnKxqXj2PZRYpPJAc7C34mGz8gtJ1DAaH,"",3885080964592338,HarmonicAgave
J6etcxDdYjPHrtyvDXrbCkx3q9W1UjMj1vy1jBFPJEbK,"",3867712407730318,HarmonicAgave
5ZqveVffQPiUbkjBg4KD9kib1MKHLqiFno4ke9jSq9qk,"",3817465669789989,HarmonicAgave
A1vqhA2fS6K7CvHsJKX1ACcHJFEmyRg4KuR5pctHANy4,"",3744508969534400,HarmonicAgave
BkoS26vBuaXnSowACdChi4WKid8UwmuPNhEJWa8KsLHd,"",3739381388683944,JitoLabs
5EhGYUyQNrxgUbuYF4vbL2SZDT6RMfhq3yjeyevvULeC,"",3598006063660020,AgaveBam
Hz5aLvpKScNWoe9YZWxBLrQA3qzHJivBGtfciMekk8m5,"",3593058711838422,Harmonic
DWvDTSh3qfn88UoQTEKRV2JnLt5jtJAVoiCo3ivtMwXP,"P2P.org",3577797678362095,JitoLabs
9UM8wQ8F5oMiRcP5YdqD6Lr4krpBWCD8LtgQYoisJd9i,"",3519670859014900,HarmonicAgave
FNKgX9dYUhYQFRTM9bkeKoRpsyEtZGNMxbdQLDzfqB8a,"Coinbase 04",3288864164254507,HarmonicAgave
shftkxnsXmqAkmLgz9Mn7bNB5Fr6mKgFc58kFHfVikj,"blueshift",3196229766825085,JitoLabs
GoeW4aFK4dGoekJySgUynWDxBZiQJqm8GDAF4H53tDK9,"Twinstake",3071141968349163,Harmonic
6y7V8dL673XFzm9QyC5vvh3itWkp7wztahBd2yDqsyrK,"",2916667655378480,JitoLabs
DrifTrN923QaouP89UxkQzFGbumKPCnfkNYQRwmZxatz,"Drift",2752890094272546,AgaveBam
krakeNd6ednDPEXxHAmoBs1qKVM8kLg79PvWF2mhXV1,"Kraken",2750605675781591,AgaveBam
7cVfgArCheMR6Cs4t6vz5rfnqd56vZq4ndaBrY5xkxXy,"Blockdaemon 🧱👿 Validator",2741762864433150,Rakurai
9W3QTgBhkU4Bwg6cwnDJo6eGZ9BtZafSdu1Lo9JmWws7,"Coinbase 03",2701774268889950,Harmonic
GBQ2GvTzmjXMu97dr7WUnLKYTNim1aoZsYS53KYXAAAA,"Bitwise Onchain Solutions | Jito BAM",2649535496123735,AgaveBam
CoG8d9Fp2TFJRkAmrPMiPsGhQWHzdTTVoegEp9svRgmJ,"Nansen | Stake to Stack Points",2591051042907289,AgaveBam
6WgdYhhGE53WrZ7ywJA15hBVkw7CRbQ8yDBBTwmBtAHN,"Luganodes",2505180189296798,AgaveBam
GSTampk6BJRKSDkzhaMM49R7qRx98MTPYYWvKbp83XKc,"",2502415688586068,JitoLabs
5ejbTALcBsKQ7Cj1iSuu2mY5jqbYHqh9gF5ERXLiYj1z,"",2502415680489477,JitoLabs
GQzMeEMwAR44ugoNCifTb5NdRKos1GduDUPeNh6AgV46,"",2502395552696824,JitoLabs
BSVckjdW2f8kcXPGcrPPtV9kUDBZ8w8PjrrGVnxgEdwq,"",2502391138720913,JitoLabs
76rcGHdPvgs8G1XrzCXUTWtwgT59AFDvpB4VbTS2TBBJ,"",2502383454498740,JitoLabs
3SkE34PVeGck2ArEffFKjihrQgURsvnoTAhitsNXNzXd,"",2500000940382560,JitoLabs
HpcB5Qg8Y9E73dUkot5e8HkgAJbExsYeUzniY4bCuKac,"",2500000937382560,JitoLabs
DUND26mEDfFeaPsVof3YvbXDRvpuQX7HMUJrLgEWzYw4,"",2499999992171680,JitoLabs
Aw5wEMXhbygFLR7jHtHpih8QvxVBGAMTqsQ2SjWPk1ex,"",2499999939665440,JitoLabs
2GUnfxZavKoPfS9s3VSEjaWDzB3vNf5RojUhprCS1rSx,"",2499999939665440,JitoLabs
FbYX2uN573G5WsgiPdHU6fS5PNUyjdXfGfpZNkYUuT4k,"",2409417938382560,JitoLabs
CW9C7HBwAMgqNdXkNgFg9Ujr3edR2Ab9ymEuQnVacd1A,"Coinbase 02",2325454121638497,HarmonicAgave
22rU5yUmdVThrkoPieVNphqEyAtMQKmZxjwcD8v4bJDU,"",2322628995123620,JitoLabs
7qGNnXKW1e3DsqEaSxwxMdBTFsrK73XtWTmkGitRyMQc,"Alchemy",2221849805428583,AgaveBam
HnfPZDrbJFooiP9vvgWrjx3baXVNAZCgisT58gyMCgML,"",2182665921629860,JitoLabs
Fc6NNdS2j3EmrWbU6Uqt6wsKB5ef72NjaWfNxKYbULGD,"OKX Earn",2136928317565017,AgaveBam
5TGfVQV1S3wHE9hkgGaQkRoPC7xZxiqwMcjQZxVYsf1j,"Sanctum",2133269094145244,JitoLabs
AEHqTB2RtJjegsR2ePjvoJSm6AA5pnYKWVbcsn6kqTBD,"",2083334280438320,JitoLabs
FBbqKvwLfKGZrKrfSbPJz4ymQ7zMarhRyZtu1RBkSe89,"",2035280267443239,Firedancer
AWcCdYG7Dy6GX45c6QMPbgGwgRZPKcBDT4bXGb3QrVRV,"",2013800997122051,AgaveBam
2m1A2WM1vte7RWz5xTTw4i1SiXmngVtXhqFERaUjoAAb,"",2005488249610397,AgaveBam
BUv44cVtsdvU9z2BfFGk6s5JZZWrmVnq5qCaii5ARyyB,"",1937437661920325,AgaveBam
FzQqaDStQQHs52YKeCnDovwSqvyZBCgs2kJcmvoFZwaS,"",1881605316350045,AgaveBam
7QQGNm3ptwinipDCyaCF7jY5katgmFUu1ieP2f7nwLpE,"",1875000953466200,Agave
DNVZMSqeRH18Xa4MCTrb1MndNf3Npg4MEwqswo23eWkf,"Firedancer Development",1861247725548067,Firedancer
3JotfSFPaod4KVK7nj7ULvcq5PjUBdZNVGracNkJNhrt,"",1837000183558720,AgaveBam
HbidP4hpQdwhkzrxder3x3VNPt6DQnE25gFG46napD2p,"",1835664800728540,AgaveBam
ana2y2YvQ3ZPMwm6qhnN3nJoUSiT3qx5Pvetkq9xcfY,"Anagram Staking",1718419218827000,Rakurai
7y5VhV4fkz6r4zUmH2UiwPjLwXzPL1PcV28or5NWkWRL,"Haus – Best APY & No Fees",1629921880410977,AgaveBam
C1ocKDYMCm2ooWptMMnpd5VEB2Nx4UMJgRuYofysyzcA,"Overclock",1569817648704641,AgaveBam
EXckihF3qmguH5znjhfzLvHsbk2E3nEW2DqNh4MMnDMm,"",1534395193587856,Harmonic
6aDs9tUm2gErcPn2c1TZnp5cu2bQV9BzyuwW4baWQYd4,"Coinbase 05",1506006815930837,AgaveBam
GYx8kpp7SsRwtQEEsGQjAxb4hFMMmT91kFJuDeky3YGQ,"",1470145740760999,AgaveBam
FZ4MT1HYJHd9GK8D5mJ9f3r7irLaDL5NxBNLjGqrLqs9,"",1468142636020282,AgaveBam
6TkKqq15wXjqEjNg9zqTKADwuVATR9dW3rkNnsYme1ea,"melea 🚀 SOL 🤑2K",1457129733053545,AgaveBam
pSoLoZx55zZz61gjxSTwHtwTg4yTwdm7ruBmyjbYgT2,"",1435165101413797,Harmonic
CG4tRANBKrzUmpv93V5sgftjQznBdiJsc2yPCzZWWuS9,"Bybit Staking",1413332055475227,JitoLabs
CMPSSdrTnRQBiBGTyFpdCc3VMNuLWYWaSkE8Zh5z6gbd,"Solana Compass 🧭 Solana For The People",1411030176853025,AgaveBam
722RdWmHC5TGXBjTejzNjbc8xEiduVDLqZvoUGz6Xzbp,"Solflare",1389337340093137,AgaveBam
Ninja1spj6n9t5hVYgF3PdnYz2PLnkt7rvaw3firmjs,"Shinobi Systems 🚀 stakeview.app",1386918184091326,JitoLabs
DTSUkYHd2e9P2HLyZfbLarsbDdPhQUhZnWjRYuJZQRC8,"Temporal Emerald",1346916882931920,HarmonicAgave
A9mvukTd77EbRoBX4ydSCFQHdu5bsRFkNXTTRstA8FAC,"",1338974371069161,Rakurai
CfgRXmp1LEYr97EaT2RyoL2cSvtWgJh52Bes89RxVSoW,"Blockman",1331710787735150,JitoLabs
AMukCLCr52XxsEjXoDxKKxjNg4FpnsReXNaQx8aR6DJF,"",1328716200094881,Harmonic
privaEdSEmnMPGPoQACUkcDGkFBbTArVvsEGd7C5wUM,"",1324631001000000,Harmonic
G3a3iYZKNLbivothF3twqcaTCEvoPb9uJ2bFc9DNKkBQ,"",1324631001000000,AgaveBam
ChorusmmK7i1AxXeiTtQgQZhQNiXYU84ULeaYF1EH15n,"Chorus One",1301313344240772,JitoLabs
HLnodbYkL5PFA8hjAZDkm5pGzV7eLTvcs671AW2L6St9,"PoH PoS",1285686437211825,AgaveBam
EUcJwf7jXskRE6NZBtFPVH2EedNvNYko8LL2WT62XctB,"StakeBowl",1250007973669359,JitoLabs
PUmpKiNnSVAZ3w4KaFX6jKSjXUNHFShGkXbERo54xjb,"Pumpkin's Pool ❤️",1249509746057059,AgaveBam
5Us18hLZPXJTS4QVuGSsUw137Dyd2tgBaem24Xsf5nBS,"",1207979324911175,Agave
3psxMyr7rQzywVp1MXKd1XFmFz33NjydzCoJx9t2sMQW,"OtterSec",1064890211349056,HarmonicAgave
4SsMncJdtKiUcDtukkX15mqei7WiuQ9yvRtQrQW4reWC,"Quicknode",1054531200270287,AgaveBam
G2TBEh2ahNGS9tGnuBNyDduNjyfUtGhMcssgRb8b6KfH,"AG 0% fee + ALL MEV profit share",1049045463813183,JitoLabs
84gC25fbFKYueR9WEfreUysk1n3ZFxLFDDjbyqeqGpoW,"",1032738869702912,Harmonic
G9vCpJUUSpEm4zPwzSNpDmZ8MGwLEbiSLV59EBzCGvzM,"AP Node",1029212518264493,AgaveBam
8tjFeSApQ85ThoQXT28acfF2KUfQr3TvTdirSkzNnYC7,"",1009986608516742,Rakurai
GmCxjmjKZoaKN1DKunbYq8RCYib94Nm3sHyncFfofaF5,"Rocket",1002773158426726,JitoLabs
8uJiHDJ1b7UDQ4KFsQGJXK9nUCkokdKRJymg1Wy9nxvM,"Alpha",1000262016846511,JitoLabs
6ptuwW4rg5A3wP9hNKxeymG3QhSagugPd3grnMTGJwWG,"",1000001995434242,Firedancer
58KprHKFNHgH1Cvo4QwxWkDeJNaSQVteCoAAFUWjtESn,"Flash",991769177824360,JitoLabs
CwyVpfmfSiMeCexi3JgUNvaiDfYN14cLDjzT99zcBuD2,"Hamsa",978019526249640,JitoLabs
AiDoLWFKzNxSXKeZ4zym2TEPkg6F4kQ3YBA8WhANVPEq,"AiDoL",918614432598272,AgaveBam
FWwwP9tNttSy9dJFxwf6ebXWfc6VJXqFNMTccrMiLFTH,"Quatro",913490190902343,JitoLabs
VQwCCSfW3o5NDx7n5FBr9SoYiLXVgetstHvaWBvv2YH,"",900164116153700,Frankendancer Rev
t23p8aBQN6P6tziMuN5XPmzqVRrip9oes7KuQwSmate,"Solmate - RockawayX powered",893505291617425,Frankendancer
vu1sGn2f1Xim6voHNLt4nLn38zNkYdLasU7hEr1TC2D,"Allnodes ⚡️ 0% fee",892063825994777,JitoLabs
Ha1iade1AH3B12K9SccfWoPdFtQKKQsj2ZyWwxcjqJJU,"Ha1iad3",884196746857692,Rakurai
CaveyttUBTKttncu1e4RF814XjuoGfYv8cEsiKGDNCPX,"Cavey Cool",871247958524968,Harmonic
Ex1AxFCipXGfSxgvXPPT3nPQUARddCduHwKR6jHiXAaT,"",839914133073037,JitoLabs
BXAxLMMMUNYfC1z166VjWHR3WjTmqzLxB837o5ghmRtH,"",826975785438790,AgaveBam
AicQr2zCWBLiBwt2r6o7iTemmtyE7q5pTKyuuupbXEQA,"",808902261083540,AgaveBam
XkCriyrNwS3G4rzAXtG5B1nnvb5Ka1JtCku93VqeKAr,"Coinbase",791533844392960,HarmonicAgave
4mtXJ5pUcMMB4t8cLbi7zfDJCHfYLRrQb4qSLmh57sKL,"",779519204372198,Harmonic
H8fHToVcZPi5bupGZohGPX2SWs8NHzgFKQ31wi5n6oux,"",770534284563908,JitoLabs
7PdKhpKz7T39vZHFL1UfcYNDsLvay6hp4KPQq1aUckFf,"Alpha Pro | High APY🚀 100% Reliable ⭐ VIP Services",761422434426886,Frankendancer Rev
6xWLi1TDSh65fWsSqE1zdvANTSuVDRMx4ghsGJwgunS8,"Solana Validator",735952044167416,JitoLabs
BGAjnivVWqLqByqCVT9dSyPUFicvyJrz7vRvrvui3SEk,"",731061448740112,AgaveBam
DZv25oNCWFvGXu9tH63BiAXvG94syweGZhbvdN3HxDxT,"DoubleZero x Temporal",716003450202990,Harmonic
HM1KjNaXa4w8K4gCXbieoMh5gUTNeUhg9fvdXMKeBW3L,"Hello Moon",709265300166288,JitoLabs
HH5dA42XF1HxNk1TRpG6LuKfLViMYNdAz5iWrFM4hWFi,"Trust Nodes",707197525571482,AgaveBam
6XKqyUVUcpe3CNucjF6gk5zonJDqNGvob6kaTy4Ps1U,"Solana Mobile Validator",706689553167559,AgaveBam
DB7DNWMVQASMFxcjkwdr4w4eg3NmfjWTk2rqFMMbrPLA,"Orangefin by SOL Strategies",702984784357999,AgaveBam
6yFGGAgYpBxgYPuHW4rv7hJmhKrUiXKyHkpVGaYtKrwE,"Watchtower",678826861400038,Frankendancer
5RvfTSowms7BTYaBj8SxVjj7ELAAKdQadKsuNpmBAwCs,"",662544438937657,HarmonicAgave
juigBT2qetpYpf1iwgjaiWTjryKkY3uUTVAnRFKkqY6,"ProStaking",633485334930279,AgaveBam
RBFiUqjYuy4mupzZaU96ctXJBy23sRBRsL3KivDAsFM,"RockawayX Infra",632997601038863,AgaveBam
RNXnAJV1DeBt6Lytjz4wYzvS3d6bhsfidS5Np4ovwZz,"RockawayX Firedancer",632398843634729,Frankendancer
FhFB8MAj5Kzxo2aUKnnAXGWxQRhfe1Nfrf5gTReQ1evD,"",625001997717122,Firedancer
HzrEstnLfzsijhaD6z5frkSE2vWZEH5EUfn3bU9swo1f,"StakeWolf",622992486378388,AgaveBam
ACvL73V4GNnxPVfZ7K89jCrYurLyzpEuE9qirjvh2Xmi,"Kiln2",620215549591929,JitoLabs
oPaLtitM6cwpFVzP2rDhLsJLdY2vcbuZiJJyD1TFUKs,"Temporal Opal",617609673531788,HarmonicAgave
HaLanfo94ezLc3JZ55qqxr7W3qbe1PprJyv2uEtriEqN,"Bella2.0",616135816146121,JitoLabs
Va1idLRtYEtVFJFsvz8vtt1uCJgea4Q1zi2Rh3eraJh,"validator.com",615128244303752,AgaveBam
Frog1Fks1AVN8ywFH3HTFeYojq6LQqoEPzgQFx2Kz5Ch,"Leapfrog Systems 💎 No Fees",612976460474279,AgaveBam
BeaCHioStqCEFDFxKwAEzyrUPYxqnBPhJ98gDKeEiTPb,"Solana Beach Validator",598194588009471,Frankendancer
GREEDkgav1ox1jYyd9Anv6exLqKV2vYnxMw5prGwmNKc,"GREED Academy - funding education",587186869231425,AgaveBam
23SUe5fzmLws1M58AnGnvnUBRUKJmzCpnFQwv4M4b9Er,"Stakin by The Tie",586271941909725,Frankendancer
Cogent51kHgGLHr7zpkpRjGYFXM57LgjHjDdqXd4ypdA,"Cogent ⚙️  by SOL Strategies",582939651560789,Frankendancer
9WzPWqKSqbE5PT9hMsmCDFjzpurAXEYCE9qrpVWp28KR,"",580166323237733,JitoLabs
fishfishrD9BwrQQiAcG6YeYZVUYVJf3tb9QGQPMJqF,"stakefish 🐟",577765311222428,AgaveBam
MutT1jxCXbRWJXpXoJK259gLrNfzDezdxS3BSkQAmv1,"",561873088272780,AgaveBam
aXiomFkk6VzXaBhPuhMqTLZZguCFzzbyP9LTtZ7ZHLQ,"Axiom",561141063363963,HarmonicAgave
G1bLKfyNm7zsmmYEL9dyxBvMtxpFcwy2s84bHDj2ZFUY,"P2P.org Turbo",555043007704672,Rakurai
3ZfGPNhdvo1phyqKEFy3F2DnUjuxbgYqhg7GVCdPKsyo,"",550246425255685,Firedancer
LA1NEzryoih6CQW3gwQqJQffK2mKgnXcjSQZSRpM3wc,"Laine ❤️  by SOL Strategies",546321289613284,AgaveBam
Cu9Ls6dsTL6cxFHZdStHwVSh1uy2ynXz8qPJMS5FRq86,"Stardust Staking - 0% fee forever + MEV 0% fee",525947606390661,AgaveBam
7EzbSahSfSjeRexHcNDLDpzHBAGBLjLKtjbmuoQnEtjE,"Gate Earn",522655198775214,JitoLabs
7CR3Jq4ny2tsr3DX3DvyjoU8TYs776MGkU6nLMWjAqCT,"Bitcoin Suisse",514436170360706,AgaveBam
grptonHnt7YSmJokGK9TJJTBXDT8ca4LSWMHCCfzzPa,"gripto",513167921680591,Frankendancer Rev
Certusm1sa411sMpV9FPqU5dXAYhmmhygvxJ23S6hJ24,"Asymmetric Research",511422804835601,Frankendancer
vALigXFg9wnnhVHN16vNxHxXtAXiBv5QjAE6udoniBY,"Valigator Open",503025070146287,AgaveBam
9USijQaAfSzw6gWbHNq68VVigmj3HvffDJYhbK4tfquB,"Lord Validates-a-Lot",501941362920953,JitoLabs
E5UXkzUxqEXpeDf3WsrMZHTs2ZSSBpAz7G4hpGwgRGDT,"QubitNexus",499641424797765,JitoLabs
7tqeaFKsg2K9xKnQWe61w71AtCZVMQvG4hbFAiFAngYw,"",488299361466803,AgaveBam
2Wf9V9rPeVRUTfmWdPedCJuWVr6MFfyLuigEq42DuMDc,"Blueprint",485123017008472,Frankendancer
2mMGsb5uy1Q4Dvezr8HK2E8SJoChcb2X7b61tJPaVHHd,"Chainflow",484189785639231,Frankendancer
6M53yM6dsE6hiaHgxWvYa4fsfzQTGyAZn7rM6JrzbqJV,"Pier Two",476174009467674,AgaveBam
AqyRvpjjSN6jWYPxijoJwhmKwJFk6fRYDh9fQZHcJ2o7,"STSS Validator",461128183122408,JitoLabs
8cqck84coxk8TGXYBD95QosKCEA6fKwXLevcEv3oGmu8,"Orbyval",457065489640147,JitoLabs
CVvaeDPR2o7P1eawG5c9TPFLzSXAewwPovPmREaEL4Cm,"Lion3d | 0% Forever + Block Rewards Sharing",450259786246443,AgaveBam
4SNKY7GCp7ohY4AawND5Cc2D71sWMWN3Uifo854yvtks,"",450000012302570,Frankendancer
mineL1YNwcRnxN93B2sX6q22R11WfRqxnY4NBV8KfFY,"Exo Tech",437170933530694,AgaveBam
6vG7fgweSfvY7JRViG4HwKgV9u6JKhMpf2bqr6TKNjUW,"InfraMesh",427771995313745,JitoLabs
3RXKQBRv7xKTQeNdLSPhCiD4QcUfxEQ12rtgUkMf5LnS,"Chainode Tech & MEV(0% Fee)",425642128316412,JitoLabs
HcZvwZ83PfjrQDiq3GLHxisTs17aGURs6bJ2LwtmL4qv,"SolGuardian",423862553675224,JitoLabs
bkpk9KVsDRfrArzzmkJ9mPEvbXfQxczzQYR3QMGiR8Z,"Backpack",421649190865816,AgaveBam
Diman2GphWLwECE3swjrAEAJniezpYLxK1edUydiDZau,"diman",411995255468136,Agave
DF1owXYZ1fk5vWyHJ8s1cJeAozgkqsi1JUVqvktqrpwd,"",411744570092602,JitoLabs
EfPYQ4BUMiKa6736qqrtnCBGkUSRDGSr1WvtyUgWHuyp,"",398029331242855,AgaveBam
anza1rXDVhy1NfVNtsbT3kSBh2jgB1BGZUKuUibSAJd,"Anza",390678977450877,JitoLabs
9iFPQbP1jGkj67sXg6YLLGRUBVEDMcapdS6jmCZSnz8R,"",387672447035498,Harmonic
mint13XHZSSxtgHuTSM9qPDEJSbWktpmpM4CZxeLB8f,"Hanabi Staking 🎆 | Staking Champions | DoubleZero | ❌BAM",378289886544103,Frankendancer Rev
BfgMdL4FaNHp5zZpD7WMYG5sZUrCWQPEjXDwWS7M5q3F,"",375915704664573,JitoLabs
CkCMabrc3HgBgDkeKPXkbWuQpUuSqW7zs1Mg3HFArx61,"Sygnum Validators",368475876198134,JitoLabs
7Zm1pE4FubFYZDyAQ5Labh3A4cxDcvve1s3WCRgEAZ84,"7Zm1pE4FubFYZDyAQ5Labh3A4cxDcvve1s3WCRgEAZ84",366088456286888,AgaveBam
UPSCQNqdbiaqrQou9X9y8mr43ZHzvoNpKC26Mo7GubF,"",364931228710832,JitoLabs
DDnAqxJVFo2GVTujibHt5cjevHMSE9bo8HJaydHoshdp,"Block Logic +MEV +Triton",364031345583877,AgaveBam
Bi9kKNxfW2XqgCmLcuhHt6A3x55GuAGmrVZxRHLyVoQ4,"",358719299227989,HarmonicFrankendancer
BoNKmNCGvoHS4CkKvYRnF21iEpUP827pZjhFGdA4t5as,"BONK",357578197989333,Harmonic
GkFT5nmcFVmJiLwuE98PjdF3LReMeq4WbejFHfwrnsgw,"KAST",355754287332875,AgaveBam
2dfgsiSaZ51QYPsECMYMG247PXxyKdwkV9wTHoQb8YEC,"Astraeus",354238426306609,Rakurai
SSmBEooM7RkmyuXxuKgAhTvhQZ36Z3G2WsmLGJKoQLY,"SOL Strategies",348288525394002,Frankendancer
FyrwfMaomErzqrFUXMjCJ7mA4u81DsiDdrzC3MJD6d4j,"1dad | Solfège",346775027385831,AgaveBam
3cZSHGfNdaULpFAvGbWbxpVwzXB4gHdk8NFucPNR5pgA,"Ghost",342517971774085,JitoLabs
5d9Mdc2Zk8as8GL1AxQeXxv5htBBvC5bjfmsXC7UUWwG,"Maera",342018650505081,JitoLabs
CXPeim1wQMkcTvEHx9QdhgKREYYJD8bnaCCqPRwJ1to1,"Jito1 (Experimental)",339467676447629,AgaveBam
8vk6QpG93JSaQCSgnycBsv5qmfQBk4qC9FjNA35E5JhU,"Tinydancer",337871239661413,JitoLabs
LeDbQ99QT342j9S5YdyXLrsq2Gu3T3dMGajExdAuE3V,"Ledger by Chorus One",335010238793358,JitoLabs
hy1oMaD3ViyJ8i6w1xjP79zAWBBaRd1zWdTW8zYXnwu,"Hylo",334850380060141,JitoLabs
mds4GEuiSgQRqveGyktWpETBFCb4AS2wDnhqwLHcT6Z,"",332542071037886,Agave
4XspXDcJy3DWZsVdaXrt8pE1xhcLpXDKkhj9XyjmWWNy,"Ubik Capital - 0% Fee, MEV",331237278888194,AgaveBam
H9ENbtmy2tWFtAJNmpC8xQtbcr1NTp4FXLdphRaG8L2T,"Bubbles",327714292745075,JitoLabs
SLAY6uN1zZpXBTfbuDDCesNmM5D288xrz8uYvfS3n41,"Solayer Validator [5% Commission + 100% MEV Kickback]",323717267348495,Rakurai
6NDen7aDi65apHo8m1Vea4nuS6LyjQeM6pDNqcW4Q5Pg,"0node.io",321503719672786,JitoLabs
spcti6GQVvinbtHU9UAkbXhjTcBJaba1NVx4tmK4M5F,"Staker Space",318157805804509,AgaveBam
7GkMBmtrTZz8QbjSe1sXvAUtz7Pp42SQxfT5ymmJD4We,"Phantom Validator",317668858047581,AgaveBam
2Mob8FJkb8chZY5pTBMpKfLwgZAQHE5i9jAC5zbASitD,"",311116970257575,AgaveBam
Ste1115xFGdAYK5jaWA3dEFcUc1S5jEbVvD8e327zty,"Stellium",306143881454898,JitoLabs
D2RV1q6FgePVVjrMa7AMzVbvvAeg5oS7TAV7qdNKSDsX,"Validatore",303704112724206,JitoLabs
3YVoK8UN62dyiPZnGBzBTkGdwsVmmK1MpRoLcxNRs9BE,"Calypso",303325497211674,JitoLabs
BUokhb8pPF9MZuzW3rHLr6jzakgcz3NDq2PZkpiVv3jb,"DeFi Dev Corp (NASDAQ: DFDV)",303294560932662,HarmonicAgave
5ikB9XZNVsjwKb6hHT3FS3So1Z1SrDvU5yaniWEQyDEG,"",302817327440562,JitoLabs
44VSCibTpr8Fn1Hk8fazhkuSrrSTYZX2f76b2xqKPwmt,"",301071156750326,Rakurai
AHZxzLeRGRfNVFrCmP58iJgEwbcXyZeAkZ32CmbfEmYR,"",299997996434260,Firedancer
CTDGxTK789ZvhgyHZHtSnxTtysbyY1mrywXEJiYYqXxC,"Cointelegraph Decentralization Guardians",299043176625540,AgaveBam
nymsHergYedT9CJMgtGMvqXUTGcbs5o3MiWTJUbqTGY,"Hypo Nyms",297257913537523,HarmonicAgave
5MAGJ3zShtXMMVXjZRoFqtFF7XhP8iLSyZrxdL7KpjcB,"",296857670310675,JitoLabs
ALPHA6rdHZkx1om79xp47vX1iZXcbM3qfEwLyttZ1T7R,"Lifetime 0% fee + full MEV payout | Alphasearch",296821690153699,AgaveBam
BULKzVM41WAyQZfL34vxqdsYwEYH9mJAJyzRS4xraf8b,"BULK",294063976772906,JitoLabs
5VrW7YNBccVnhnZVmooCePdLFcs2UjfxRT3hoY9mN8Ec,"Appleyello",293205709423208,AgaveBam
A4hyMd3FyvUJSRafDUSwtLLaQcxRP4r1BRC9w2AJ1to2,"Jito2",293205484264979,AgaveBam
8Yq98CFAorqAc3CN7XtMVgKLrBc78wsBvjhAbFr4sNQ5,"MightyMooseValidator",290978031436989,JitoLabs
8yjHdsCgx3bp2zEwGiWSMgwpFaCSzfYAHT1vk7KJBqhN,"JStaking: 0% fee · top returns",285928699460200,AgaveBam
2oHUYyW2PU9VJh4XBs5TbGgzdernunvGqyKth3kxW4ns,"",280745689124988,AgaveBam
5marvipGzf98hxnoJFXsZbGHSXcEQ3yRGJ4ps7D3V4ou,"MARVEL+MEV!",280076776760276,JitoLabs
PRGNnb8DxVcP2WjSHfVRGgc8SkA5u6dbMwoTVV1BGKN,"Paragon",279262513935860,Frankendancer
phz1CRbEsCtFCh2Ro5tjyu588VU1WPMwW9BJS9yFNn2,"Netrunner",278528609570375,JitoLabs
EQhTjikb1L2jvxsCaSW2o2TuRXh4Do6HzBEWCxpeM44W,"JM",278297678975884,JitoLabs
9AW87WqARQonyJYhx1G25fKfvjURFYVmHs79z1NUXDPD,"🔥Aurora staking",277614046444794,JitoLabs
HT41udB8mLZZf7tev9tUoHYJ41TP8GWZ6zFMbjiviXk5,"Neumann",277458350204419,JitoLabs
ETuPS3kRfLufz5VSYN2ZrePoEVSZSpgVPKz3MUZpYe3x,"",275016930338198,JitoLabs
3B2mGaZoFwzAnWCoZ4EAKdps4FbYbDKQ48jo8u1XWynU,"Low Fee Validation TOP API 🔥",275000091901632,Rakurai
radM7PKUpZwJ9bYPAJ7V8FXHeUmH1zim6iaXUKkftP9,"Radiants",272984964467561,AgaveBam
5tfcGyf3NQFcufDigvbRt9kWoVN2KPEkBRUY3UaC3Zwm,"",272285894037799,AgaveBam
bxrAptB5ZpZBhoLedJpoGWY5hBjjt3zvVBr2323Rrq6,"bloXroute EU",271494994811927,Rakurai
EdGevanA2MZsDpxDXK6b36FH7RCcTuDZZRcc6MEyE9hy,"Edgevana",270227097598585,AgaveBam
qZMH9GWnnBkx7aM1h98iKSv2Lz5N78nwNSocAxDQrbP,"Spectrum Staking",267049547802778,AgaveBam
Ey3DkEVbfBxfWmkTsG7Hqj7jshYf5Zx9H8462Zjjkykf,"SolBrothers",266921130363511,Frankendancer
32ke3uf1qL3xLqbwzU76T2sbG2XaJrGuSCNdUnien3zm,"FalconX",266788233479383,JitoLabs
5essVpBYvocZkQnkrWsMDfRPwtp4BeihJRaweKLR4dRn,"Certora Validator",266393901083256,AgaveBam
DViARWAWKkxAzp4UCgbw5B9pLSrBY3PaztFErcwgVUKX,"Code-Breader",266257134631536,AgaveBam
MARiKM3t7pDCyXtvLq24ErWDAvYu84yXqCthkR1GS33,"🧑‍🍳USDG rewards (6.76% APY)",264046882993370,JitoLabs
AoUwfPuiEek2thVRDhMP7HbQb9rguyab4rDiz2NAfwwA,"",263629064439910,Agave
CEL22Qx7p85qY6gmhCZaYJrrnynJitkVRMQo6qZdT8Ns,"🚀🚀Super🚀🚀 Validator",262278353801831,JitoLabs
6k5hZkHGa4x3xEU7Wz2LxWwueqZtVvX3fpymGugB14yB,"",262100788307166,JitoLabs
KoLibrJsbABbtmtFPc7nPvDxT81rc4UPM7mY9xSLjpo,"Kolibrio",261779405867947,AgaveBam
rsbp8zMHbGCpLoRktmsjspYv77VcjxAzH1KxPCD9BiU,"Albert is Great",260312641173993,JitoLabs
3KiDz3wuZrJfsgKt5KEvRb1WPpbci1PWj78aPVF5ei3F,"Nemertes",258132857850199,AgaveBam
FugJZepeGfh1Ruunhep19JC4F3Hr2FL3oKUMezoK8ajp,"Temporal Topaz",257941128238758,Harmonic
ArMBx6veRq33ffEP9sxHafiPRgrtzww4XvbwZbSMfXiM,"Luke",255775959767417,JitoLabs
8AkVj5aAtJ27tYXeq89cnSf68V43NarFHMx2iSDjZv7c,"Theta",255241029581172,AgaveBam
8ZQg3K1V1Z2BVJkjmnxpi43WKhjPGXphzu5QmBkJibSP,"P2P.org Labs",255213981376329,AgaveBam
4b1onMDEasBh4BuPekQWijx3BYR64hAE1z2jJyeZUkck,"4BLOCK 0% Fee + Jito All MEV",253688746953657,AgaveBam
BeSovDCzhEAfgwDyXBuhmCFKsu5WQ3PaX61GEfteNzXM,"Yonta Labs - LST 0%Fee MEV -",252827400194128,AgaveBam
SyndicAgdEphcy5xhAKZAomTYhcF8xhC7za2UD9xeug,"Syndica",251421652524644,JitoLabs
3s97yjq2MhoPVPC3U9VeE3Z5S643Pweovg88ysvrQPw5,"Starke Finance",246331501249150,AgaveBam
9gFxqsXbFyrKXUkqpAatonn47uYZ7sEZSnMxhzQoXrUJ,"LUX8 Validator",245799995997942,AgaveBam
PAWsME7oYbjt5TRNc11mBa33JhKnQr9AYherdr9YAZ6,"Paws🐾 0% Fee/MEV",245408379100805,AgaveBam
BCeczqpTRPigndHVJu1KEzno1Uhb4hjrE7ttmAndrV1p,"GlobalStake [Bare Metal]",243493902541142,Rakurai
BR1aTt4ZZUCwWJDkSYf1hqkYJjo7Mb7Ar8iVTkeSwUB8,"Abacus",240516544415357,AgaveBam
gridqZmeBcsUKT2Mv4M9YFHFN3tVLFb2TCtTcLD1cAd,"Grid Systems",240343552677276,AgaveBam
AsMpvJ3DZ2Ydu1WTRMAyMH4QjSLiUG39rKzfzvtE1bWr,"Nordic Staking 0% fee top APY 2+ years",239925626959132,AgaveBam
Lake8NXDThihebhxS3Js7mFnj9fthmus93zEdsFNrsL,"LakeStake",238760517981414,AgaveBam
1KXvrkPXwkGF6NK1zyzVuJqbXfpenPVPP6hoiK9bsK3,"1000X.sh",237872193947878,AgaveBam
AG1PsJMQcutNUX64RD3bAhW7NpxWeFkqkgGizBznYFKW,"",237667385671743,HarmonicAgave
HVXXmNKkmDZbZwj74iL2Y9Wu4SyrchBoxAfFYVAktLrG,"fat tails lab",235699040291803,AgaveBam
2mDrrmhSzpSyaF12izGk8hnFjtKCGeCFPwQHpRiJDby2,"S4Mar",231121087491523,AgaveBam
2gDeeRa3mwPPtw1CMWPkEhRWo9v5izNBBfEXanr8uibX,"NuFi",230593363931913,AgaveBam
vahMVcSS3v6uwyFormV7FDAUbQSHwmy6vUedp1P7L42,"StakeITeasy🚀High APY + 0% fee✅ + MEV🔥",228191607607318,AgaveBam
9GHvMeJ4ZWuAX6sDGscFL1TBMszx2EehnrcTVUy4MZJQ,"",228185271722498,Harmonic
DiveRaPKviyDnQyiiMFdV4rujsCBJzMNvPjKfvGNLGvL,"Onchain Divers",228053548512300,AgaveBam
popscoyTKVksa4TyTXw488b3vvFxM7qQEyTBeMQopKu,"P-OPS Team",227710746433431,AgaveBam
Tri1F8B6YtjkBztGCwBNSLEZib1EAqMUEUM7dTT7ZG3,"Trillium: Stake, Earn, and Fuel Solana!",226124081647385,AgaveBam
8GLRbAstsabZuZUx73AoyfGi1FRCWSUhRgMugFyofEz7,"Syncnode | 0% Fees  | Genesis Validator",225964378984228,AgaveBam
yJeahQNRHNWtL9Z1SqPX3SBwTYXr5ECMYYVK4uYVwxt,"Dosirak 🇰🇷",222457110598996,JitoLabs
sbidYi7fbif6qNsMpwBKvyF5DKcLCbjaegpADsKqNux,"SolBlaze",221682224242518,AgaveBam
57i31UEyDg4koaZMZ1wAHbYuezXv3AVaHtvJgJarxt3f,"[Public Good] Chive 🌱 - 0% Fee + MEV + BlockReward",221586635320089,AgaveBam
CPcDFHCAKkr5Kp9T5aQWJhXV5J6iFj141NMQ87L6poPL,"",220875753761063,JitoLabs
6MiEjXqYksCtKnJpvAp3CAoEZnnWZyoSxu41HCzAYNdc,"",220584580241725,JitoLabs
THWsLPufeq9LWs2H9vYPbtFwdxAHbQHvSbT6pztG8x1,"THW Validator",218115017401428,AgaveBam
7nzTzRZzezmugqE5ZjHRMxarhXunpwZ2PUdjV7uYzt7A,"Solar | Empowering Youth | 0% Fee + MEV Rewards",218020153639517,AgaveBam
2t53LvZfskcpXkdwLaBnfZLbNgyVHPu2BNFpcRBaEBhM,"Kevred",217600422020557,AgaveBam
CTwsruptUccEtZGNxBDbuusHYxkBX3P6ndrxVjSG213y,"CryptoVik",217453975809358,AgaveBam
AEAJtnjjB19XFreJH21UP8rfd12f9kxMmngwZG3tGXbP,"Black Sand",217338801686370,HarmonicAgave
puffinQSvKFriPbyE5atyx1ptfnyytovbzxybr1jsyy,"Puffin",216196058716667,Frankendancer
HMWXfjaeSHhww1wvdBhqhHVP9v96mFB4LJ9xP2MXbDGH,"CyberVillage",215580091005442,JitoLabs
mD1afZhSisoXfJLT8nYwSFANqjr1KPoDUEpYTEfFX1e,"Block Parliament 🦉",214337414426933,AgaveBam
BiGcsiuFCLuiTzXoQgfLdge9sfpwr55YzdT8Kp7bCXmS,"",214174665246562,HarmonicFrankendancer
PAD9aPiKJGcbGxuVLbc8o4Vf65GPq3fJQ7PkHWuX6a8,"BlueLotus 👩‍💻",213852631935043,AgaveBam
61QB1Evn9E3noQtpJm4auFYyHSXS5FPgqKtPgwJJfEQk,"Pigs in Blankets",212629800254661,AgaveBam
SLNDCSGTEsA6KHpgR32MBt9UAurZnVSJGUtW2tRpdU2,"Solend",210943727495196,AgaveBam
F6kVwubXEfZZo6e4Kozrtg7WoWk5wTRmrC8pwoxSLa7S,"",209305997987754,AgaveBam
AwcMVMvmT1aCETVYV42WE1cSMCyNp4vZqVjLsvs6dM4o,"Beachside",208636338438649,JitoLabs
MagiCBYNPD9iTBXqiFybAFCREQzG6MSM4LmFLXQZxuV,"Magic Eden Validator",207847817367151,AgaveBam
43Am3PKFeo9cACpqYL5Sk95rpVdxLw3Mc22PqRqZXEW2,"Titan Analytics",207670157890011,AgaveBam
G4GT8z4AKWNoy3x6nuzxW83UfFXLXzrwn7DZQt4GvWdU,"FREEZZ",207520818819749,AgaveBam
soLStaCk5TiGCpeLKa9Fvv6f5JQGMa6S3uhLh826e9N,"SolStack",206071533914150,HarmonicAgave
ABC1U4cf9DZMwqy8ktEr4WJj8VHmVBQibbC57gEJthwY,"algo|stake",205239449170088,JitoLabs
BADc8V9fi8KsZfF26K6DgZsywcJYZTX5EW5jypnVCB8d,"",204687717822006,HarmonicAgave
mXv18ov8qCiQGs3ieoen981LdgZzYJjJak6reK6fpNC,"MX Validator",204194480831109,JitoLabs
97jbhVBYcSmwGXjrx5PPWXucDsVBqwyoQ6rzP3B6eeMt,"anarcheuz",203889059677909,HarmonicFrankendancer
ciTyjzN9iyobidMycjyqRRM7vXAHXkFzH3m8vEr6cQj,"Phase Stake",203850856749240,AgaveBam
nebu15XQKGpxzhhckADBX9PgvGN5qk9RRJCFLKc118w,"Nebula Node",203613918681927,AgaveBam
D4r6Rcua2L7nHHhdaiZe2k2bTfPg2WQqcNYpG6bugvCG,"Limitless Systems",203345380024957,JitoLabs
NordEHiwa6wT5TCjdeWJzpsA7DSmWQPqfSS7m2b6cv3,"nordstar ⭐ reliable staking +MEV",203340386649166,AgaveBam
ANC1u9sY36q3mi2MyVhtz71un8yLgTsFBUuyLcSPzKsk,"Anchorage Digital",203286269865210,JitoLabs
8n4pc4sCJtBeLfJdGyJn6EcZuhtfTiepRa9ExdJFdmEN,"Pier Two Infrastructure",203246338886628,AgaveBam
8ebFZA8NPLBZD91CwsG1HWQsa2B5Ludgdyf5Hi3sYhhs,"stake.systems",202101885256097,AgaveBam
KTMkUG8WCw9FdH44jLMBpc1teGafnYL6SgP4fHHbsNM,"⚔️ Epics DAO ⚔️  - ALL 0% Fees ⭐️",201270914032298,AgaveBam
9bkyxgYxRrysC1ijd6iByp9idn112CnYTw243fdH2Uvr,"Legends",200098389654294,AgaveBam
Stakex4B2tpDHPWGvV1dninfiaYCGdakgTknpzPitLh,"Stake.org",199580018710528,Rakurai
3WDh9HgusCujDmXCVhophLrHvoKHQd1Sd4uFHz1Awo35,"Absolute Guard",199525540331467,AgaveBam
DCdTPyDbXNHrmdv4ZyPPzEfY4mPAqH4hDPtowAteoNgv,"bloXroute US",199268443937953,Rakurai
Av8EnYrPBnSJHK5e2wmTdnCpSy7nzmBgyFaUKSyLnBfe,"AndrewInUA",199097730457131,AgaveBam
3tzpLMWRkWucvTRWU5PjgKzN1iwJuV69yCCjmuuo4gTk,"TruFin by Twinstake",198742544091321,AgaveBam
9Wmaz9VPpEnH67ZqrvYd9bcH66DtsGaEKcSQE1ac5wkf,"LumLabs",198704590538641,AgaveBam
8pyp3vfVPRziYdAYEyqkwytdBbdVbQmHqfQAVDcRV3w,"Rustiq Technology",198452424417083,AgaveBam
CjmXSapt1ouz3CZzgkRJckBEwMSo5fVdVrizLeRscwYD,"Mad Lads",195582805997762,Frankendancer Rev
FwnWx7x99rGwLmipzz8ii15NqcHkKRo2oS1Y7j6LivgZ,"Prompt Logic",195046969689289,AgaveBam
mastWEbKEMjvBCd1uaUBpNjWcfSPhXMWnH9tTrgzn1g,"MAS DeFi",194705622417587,Frankendancer
73hojLdq1vZDSxeVQEqVFJ4iwLngdvEJPEpEHkSdv6BZ,"SuperteamDE x Staking Facilities | Public Goods Validator",194654456915021,AgaveBam
bay3wXfJsu9ds1zQBoQQ4DUwFGs3NP6q4gca9WM5G1z,"Bay3",194320876566449,AgaveBam
UMi1r5J3SagSu4HC3waB3YFzbXi82rRSScgW2e8NTfr,"Michigan Blockchain",194273339045857,AgaveBam
9FXD1NXrK6xFU8i4gLAgjj2iMEWTqJhSuQN8tQuDfm2e,"Grassets Tech | Jito-BAM | IBRL",193701635195584,AgaveBam
sTEAKPk59EtPPbixCweyv6oRLNCDEE8pnnef6gUfbiW,"STEAK.NET 🥩",193170766289658,JitoLabs
GK2YYwmQk58xA2k2SeugY3i334SJVViqTT8sT5wim3Dk,"Node1",192982463397874,AgaveBam
HyperSPG8w4jgdHgmA8ExrhRL1L1BriRTHD9UFdXJUud,"Hyper 🫨",192335512664337,Frankendancer Rev
EN5F2BU5juUEWr9zRNNqKuQMi9zBUY1YLPHV5EyMrvnW,"SunshineVR",191983855695925,AgaveBam
2UBhtRuyr9nvWsUnrbWrvJiYWEU8TVBD4PLYQJKiRa9H,"Luna Labs",191058494216495,AgaveBam
4VrjyXQT61WFSjuG3ehgqZUK1jqvYqB46veQbXLotq3n,"Vault X | 0% fee +MEV",190947405520640,AgaveBam
SWiz7QwnYPm61pWWUUkMhj4r5pZLP1SvYibdHcB2cov,"BOOP Wizard",190564363856221,AgaveBam
VALiDcyCpujxjJAZDK2av2TpMAigpSodzj2ApqgR4e6,"Validators.link",190551276661372,Rakurai
2zykwzzo1pd3H2oSj5j5SRLTvmpa9Nr2S2Bh8tTVd5Tq,"zim.one | 0️⃣0️⃣",190208524072678,AgaveBam
7Nu9ckgtjobZ3MkbadGFKEvRymYuah9HmcxiUJKMM9NB,"SoLyrae",190173823994963,Rakurai
2P9ZYA4vBoBBr56hrEFTmrd5ctuz3r7wtvRYmbgk6jRL,"Sunshine",189018096696316,AgaveBam
vvvvbtDs9HsdsE6NskZMnb1RA6muoud1ChQuiF9QhSM,"Raydium Validator",188792164408597,JitoLabs
jagBNeXYncnn1hzwSq1JJ16XhWTgQ7DCFVqndSJZ6vT,"Jaguar",188332352879957,Rakurai
ETcW7iuVraMKLMJayNCCsr9bLvKrJPDczy1CMVMPmXTc,"stakeware.xyz | ferric",188091423967082,AgaveBam
Ee8dX3qtwrDRnxYK6NGQfmMeKT3Qpp2QZHpxiAiw23W9,"StakeNode777",187023242831937,AgaveBam
9dH6wfdJVgnDcbCUjT8rkmejAzTnGQaFarmLfvBYXANK,"4CRYPTO",186276829160932,AgaveBam
N43JWBg42ZoUFMkHsRUVbP7wGVdxaHKanqaF9BBNiFC,"Quantix",185688471411470,AgaveBam
A23LfQn6khffj2hGhGfXr6P52W2pxrVcCaHVQLYQgiX2,"vladika",184857605459586,AgaveBam
9q16BB7WGmBxf1nJTdxH5zPnBUhtHqdqXqRFjSjuM4k7,"JDO Mainnet Validator",183767423077321,AgaveBam
peNgUgnzs1jGogUPW8SThXMvzNpzKSNf3om78xVPAYx,"PENGU Validator",183080194141799,AgaveBam
CpuDNi3iVoHXbaT8gHpzKe6rqeBasoYjEKi21q7NRVJS,"val37",182880627778034,AgaveBam
idCE5k2BtTpwXdwAC7Var1enT9reut9fWECcxQP7LY7,"🔥💃🇸🇬 CeriumXYZ",182178082565009,Frankendancer
Ed9WjPnZfAXsPttcqxMwj94qsuXVRyBsyXnDkxFva2Zv,"Rakurai | High TPS | High rewards",181328604948959,Rakurai
cybi55ebub37HZW9YmRaLh59Lh3kqaLTsEBQwW6vFkC,"CyberAlex 👑 MEV",179125066558929,AgaveBam
HrpWeJSYnQVtZe3BKxFCBrAEr8GRCmYUbQev4hoGDBs6,"",178224388378874,Frankendancer
2kVZVTY8FMRZ3WuHzyqNz8qd4Ytbba9f9DaesUm5WLvR,"SunStake",176781775745364,JitoLabs
RLMS1pv3YKi7CSUCKTNcFN5fFkXJc2SmCwPhbQpqZJo,"Realms Validator",176299816350213,AgaveBam
6gnbmed7kzwQVQ7ghsjgEuCoYmGeWciV2qCwni6WS6HU,"Capital Alliance 🔥",176176736074611,AgaveBam
4vcmYPfLztUckU3c3FvXDwSq8aDNDqwEpvEiqAv97LGJ,"",175621283014059,JitoLabs
FdH9QEQBxPQfaF2JpcjgdfcMnDb7rjZkCDRCWLRjTQwj,"Solana Ukraine 🇺🇦",175619190759253,AgaveBam
2XmhZKHmfjku3T3nC9xKhgr5bm1CAmWXqNsNt49mo82C,"Soldea Kitchen",175154022733888,AgaveBam
4aRPyjsqqFsf5488a9QAaHJLQJMGwoL5P6wRtLmroe2d,"SoLove",174953447610267,AgaveBam
parafiUS6h6oLhCFwhjvEmQJKw8pF1iXsxMJdTq46dS,"ParaFi Technologies",174836870836326,AgaveBam
fdzip81euDS8jEZHx5H1mn27zGVMLzkgpQuzYRBfBYG,"fd1.zip 📦",174558291602555,HarmonicFrankendancer
forb5u56XgvzxiKfRt4FVNFQKJrd2LWAfNCsCqL6P7q,"Forbole",174330387881245,Rakurai
By8MseMKtZQQaQjMHJiyetmc5AC8RZZv8C2ss33ktrHt,"Wave",174283488262776,AgaveBam
WUNoB9YQXmXXRcJsjY1G8PfVag5aAfnyGmFd6YwJVwp,"StakeCraft",173391392863602,Rakurai
9UbU7oaVXX6t7bMthxzzGPnWumFNxoWqUwX3qsrxb4pp,"",173056226833101,Frankendancer Rev
NdMV1C3XMCRqSBwBtNmoUNnKctYh95Ug4xb6FSTcAWr,"Neodyme",172659079096756,Frankendancer
Crg1X8FftV44NmwfFvgREjanBQmyyS7NEu6duLU7Cyy6,"Chronoflare",170908364744904,AgaveBam
4DraK9wUrMSpzbGjUbSWTHAhJimMyB49HyKhvfwe6e51,"Y8 Crypto",170881781806884,AgaveBam
6xFDLX751L7H9d5fQT9sf2SM5RWWE9LDgqz25pPDbWoJ,"TdrSys",170630464401704,AgaveBam
zeroT6PTAEjipvZuACTh1mbGCqTHgA6i1ped9DcuidX,"0base.vc 🇰🇷 | MEV 🔥",169207757241356,Frankendancer Rev
ADjyeNzWd8yhEjCVyAqT87eqoyGRbimERQsNhFQcXjop,"💥InfiniteSOL💥 0% Fees",169199597227451,AgaveBam
SPHERExTW7GaMgS4RN6MbghYvXU2REfFWHgpxMH1P69,"Sphere",169137008873848,AgaveBam
8T8AJfUCXwPFwEMmjca8gCRSktPrqbUBVa6ggNyhLhFJ,"StudentSOL",169055897232195,AgaveBam
YuRBAsy9Stw1u46A8dMp7WQVBFweLP1PKuYibzYAMmQ,"Yurbason",168996111463084,AgaveBam
91oPXTs2oq8VvJpQ5TnvXakFGnnJSpEB6HFWDtSctwMt,"Stronghold",168095043212792,AgaveBam
capyS1jerxhFp1RehdWRG6kbWi8bnWF3fkEG2RGLsQf,"capy",166231947088892,JitoLabs
uEhHSnCXvWgtgvVaYscPHjG13G3peMmngQQ2ghC54i3,"Satellite Staking",166177532116701,AgaveBam
BNtHBLo1L2vAG7PBQ6mJvWz7GqVPxBnioXsY2Gjtubrg,"CatalystX - Innovation OnChain",165738940537868,AgaveBam
2jS8AX38m8F9C5juToW1FmTufEbb1DfDzZJj9HSJcWwo,"0% Fees | Easy 2 Stake | Jito MEV",165332120964890,AgaveBam
Fb77sbwgXmtjmkjkaoSckGp5yg3nqdtD8zf1dyxxiCSf,"GXFC Validator",165185695942770,AgaveBam
5ivRNcK1yThcK3koZR1oikAfuNm6rj1LceMskayoVSzc,"",162790807758663,Harmonic
BuoZ7q6faiJNTN24r7Kcj8dp96axs5XPEKXmWGsh2pDE,"",162671739376850,JitoLabs
nSGZ3tv2UhskkPqiB666yDVj7PTi9qKgDqvjHyw5JgM,"OranG3cluB",161912638457935,AgaveBam
ECZx4Dfyn2o55KTYbM9r3Dt4VZRcrdfdrst7sUbWgrdU,"Orca",161032624566270,Frankendancer Rev
7mF8NZJdREuM1uwYcvKffuY9QJBEoHhNp4hZ4NS2fuXW,"Meria",160152205397761,AgaveBam
GRT7yrpfF1TEvp3RmCzu5YZ74B4EueVMPg5NYtSiPwtD,"Tramplin",159777747389759,JitoLabs
Pid6HQnMCFb9izqX9i7X6ePdUPieGmjHoPxC1Jfooix,"Pine Stake",159688011101842,JitoLabs
vaoJKVZYPAsqc52T2nNQhABR1gU6Cy2koDKfCQaEiva,"polkachu.com",159128944261904,AgaveBam
EdFUcP2f6j9iBg5BqsgJn3WDr1JieiKCo41hZ5Zrsk6w,"Bitget Wallet",158725310217728,AgaveBam
EtoMApqP2h1vVm9XLTTp5HERNezm5btkqrdAGQ9fZRnp,"O'Solemio",157944298880483,Frankendancer Rev
5AsoSeQtLoN8eLsf3wKrR3LwxHME4sTBGR6dpTCP1k3H,"some name",157837055470611,JitoLabs
GwHH8ciFhR8vejWCqmg8FWZUCNtubPY2esALvy5tBvji,"ART3MIS.CLOUD ☘️",157089440227250,AgaveBam
74Xkp2iLXm315h69sFRiCFjmKnaWkMV8W2LgJwPRSgN5,"",155699749135782,Frankendancer Rev
93Q99nhdKjuSe6WNXgMBbC3s8QVQEAoHKt91PNRkUkMn,"STEALTH",154635595391519,AgaveBam
8aySXUFrqJz5kath6aVijrkBH8ZtxMWJGhYXwYBpKmHK,"L0vd 0% fee +MEV",152966900875702,AgaveBam
7MTjmteQHhthwwTZhUzsc2dP4NBvGNRqj8jzdqNxHFGE,"WEB34EVER",152822989718005,AgaveBam
Fudp7uPDYNYQRxoq1Q4JiwJnzyxhVz37bGqRki3PBzS,"huglester",151566930348941,Frankendancer
BitokuDHQiAhpUKrwx1VssAAoW5Rst8zB6gpfoaxM3Kh,"Xandeum Labs low fee + MEV = 🔥APY %",151239005971102,JitoLabs
D3htsc6iRQJLqCNWcC2xcZgUuvcd1JT8zoYNqraNcTQz,"pico🙄.sol x SOLPLANET🪐🚀",150590409957146,AgaveBam
LimeA3gMLb2SjxrKbP7NsWk1UwTZrw4B6Ctc9dmVU6E,"LimeChain",150555925447900,AgaveBam
4QNekaDqrLmUENqkVhGCJrgHziPxkX9kridbKwunx9su,"Stakeconomy 🚀 Jito MEV + Triton.One",150503897154754,AgaveBam
FjYEr2UCeFzNfAKiFrbhG34Zv8LxbmfHYAFhAfc7SLQL,"Easytoken.me",150045547203514,AgaveBam
7G4RfctwLLgqG4ZWfCirU8dfJd87mKQWgB4EHQRv8i7v,"☄️ The Mandalorian ☄️",149623164653198,AgaveBam
GWJyUxzcVwRRtpLuLiu1mpiUQsZ4onYFAYfCjQnuLmz5,"Pacific Meta",149071177104850,AgaveBam
8hAYbagNt7CMBooFfqVJhBgLqLffpjXTWJMk8yybjJsN,"0xNull",148813322274411,AgaveBam
5zm9g3zgAPWzX3wmUB2JtTkcwCqe74NWsTmt5wLFwCKK,"00Tokyo",148799595082820,AgaveBam
DZKTNGR3r4Akj3G42ReZatKhkmgEXoZjk5Ed2tFwRyqm,"Dante 🐾",148223558824062,AgaveBam
7Hp1e6BrTBkbBN4wFiNmycPVPsjvyUUBL2tGhYEMT6gt,"Bandito Stake",147892368381985,Frankendancer
dcntruDNP5SEcGV4RxnsqXFURdDZGT3DTQv68Q8H7Vu,"Decentra",147027778818272,JitoLabs
Bs19Z9SokV1s46jutN9tqqaCgYf1GsVyyytVfkzwn9qK,"Empyrial Validator",146906683185267,JitoLabs
PKdLMugp1Mf88Ji1GkdqRDBewaUh2cqg79CBEo6eJoQ,"PK",146357711310769,Frankendancer
4k6wgP5WPBKQpsFGtzuXNrjcTE2fKWLj17nDvFeG5zSF,"DawnLabs | 0% Fee + Block Rewards Sharing",145559430573796,AgaveBam
6pEtDovpyd1zUMYPuNhMCPU37sUTEAtzzgoVVAh1G1JL,"Zemnoi 👾",144636091090649,AgaveBam
1unarWPGGseFag2WfnoFv8o9P7vTPU8eHex9GinP3eY,"Luminal",143868197082336,JitoLabs
CLsFr1KZVbAyz16iFpwg2e4hiekR1unpwyxfNdjBMaoE,"Vault",143702944428111,AgaveBam
As9NxA9bCfhrVLAFyGeWG5X5iLYPGhU3R7nLfX3tN6am,"Elysium 🧊 0% fee",143270193202690,AgaveBam
7HMHSdQkjDwz9Q5zAhEy83uzW3XHJchjdpMYapKXcKt5,"GERSIA",142221845913745,AgaveBam
F3tdN8SoakjEPb743VY18YyKJWYHo6rojV3nkas5YJh8,"Crypto Plant",141876043975674,Frankendancer
BPKAfGkkzF5u1QRjjB1nWYYbPMUCMPJe1xZPmwEMNMCT,"GateOmega | SolCircl.app",141490861875053,AgaveBam
kom1oNHyyt84XLGVfi5Jo1qkVkU5xG1sBxPG19rWknE,"Komorebi",141021755364816,Frankendancer
HFTcVVrX93SJwYHAiiHAssb3c4zXqSsF4mNjg5arGPEj,"Alien 👽 0% +Mev rewards",140525728816624,AgaveBam
VicAQ3U2GjjAuF3tPCtEQZdZKnpAAxkr5Q3zjDKmdo7,"LightNode",139184846054217,AgaveBam
GFXVa19rX6iwfs3sLS5UvX9Exu2usRsG4V5MRMDRo23V,"GooseFX - 0% Fees",137947074819477,JitoLabs
8uPW9msN75rfaKiwy8y8NxEX5zSk2WejtVv5YhZr3jCo,"Lumos Maxima",136980770617393,AgaveBam
DnQBmTJyLbBMgJYQLJDqJz25AJModNkyexL5LdVRGnG4,"Tane",136841751356003,AgaveBam
c3rtoMCHSbFrLRTAdw4iRowKSn4BrDtvSPbuyJwkHwx,"Latitude.sh",136676489817325,Rakurai
Hj2jzpAp57KyM3SmnYwJbDVrQ8tTWizMon2hhzYzwxet,"A Unicorn Julia",136353310983494,JitoLabs
DeXsDvvZzKhVux4YfDFE6p4acJLGzr8yKt5pSTjzZB8t,"LootGo",136274053753901,AgaveBam
2N7v8pDKDYhtBUJBQUgxvysUjgM9s4ULPCmeEiPWTf6Z,"HAKUHODO KEY3",135915146685229,AgaveBam
5ysfTZ42VT1TjnjzQShZSrix7wdVtjXwssocSeYKDs5d,"LEVMA - 0% fee",134937837564272,AgaveBam
sZAqxCSN5kkVfG2s65Bje4jzCkD2aLyk21qU95PMf2Y,"Dual Validator",134710755660264,AgaveBam
hxMhrsuGPDmkLJ4mTxEjyeMST3VGhTiwJvS9XgHwePj,"Suzuko Stake",134128552543427,JitoLabs
MBVyz9s72WSfUmbr1S8fgHjDJQkPs1Q4Wxi6A2Mees9,"WIZE Validator",133542803183256,AgaveBam
6k1YkmTKwPRUhChnxA9ryJmbtuQMbro4xFTL6mL9jycB,"Sign Labs 🤟",133136769207006,JitoLabs
5XKJwdKB2Hs7pkEXzifAysjSk6q7Rt6k5KfHwmAMPtoQ,"Moonlet",132729280720736,AgaveBam
5FbKKGdEaFcxGxxaLKVvBes2JxiKbreh8w2ZpMcSQ2a5,"Table Rock Jungle Lodge",132577568025581,JitoLabs
4JahMMrVRS1gimWoXpD5H6KwKc2MrsoTDFMaStMttL1E,"xSTAKE | 0% fee",131952889966415,AgaveBam
mrgn28BhocwdAUEenen3Sw2MR9cPKDpLkDvzDdR7DBD,"Project 0 Horizon",131596322671293,HarmonicAgave
FSyAsxcE7g8pSSEu5nx7Hkz44rMZiYio5Wz8Lszh3Nbi,"Honeybee 🐝 +Jito",131284492175940,AgaveBam
4uH4G6YiD5G8rU3mtPg73C2Uqamrqedy3FboTZcZrh6x,"Windfall",131057995606017,AgaveBam
BLUEHGDihXD9CqqC5XFSQzDC3aS5jASohb2BAsXaJokR,"Bluestone 💙",130909458812865,AgaveBam
2uxEHizFmmnLekKG2LZJwxNabhpymEYfdVCpgDxjt87m,"🍀PADDY - 💰JITO-BAM",130730014764347,AgaveBam
AfZTWYoFQbzqCMmUBTD7XwxFvjob1FVyCvkaXRryxtKc,"Digital Energy",128622084420870,AgaveBam
3rqEEEGjHRyndHuduBcjkf17rX3hgmGACpYTQYeZ5Ltk,"StakeThat +MEV",126378503013386,AgaveBam
bookoVmqw4QjVj5BbkFacouadx9M7816wyRkfM7A5Lo,"The Library",126124512364476,AgaveBam
rssaJ2iKcE9QWsFYRZr8Q66TQh5bRk9DxYrzxGMzWQr,"RSSA validator",125689471759220,AgaveBam
CVRr5oHCAAooVbYze7CvXtRp4FUtkMCSqBZU7MVu8v8e,"Coverlet+MEV | 0% ALL FEES ✅",125518983015145,AgaveBam
FGiEdzde7Fco2WLpNQMat299hUVoykJdaA5hxdmCzHiS,"Vnode",125157384818325,JitoLabs
9pBHfuE19q7PRbupJf8CZAMwv6RHjasdyMN9U9du7Nx2,"H2O Nodes 🔥💃",125139859354261,AgaveBam
3CKKAoVi94EnfX8QcVxEmk8CAvZTc6nAYzXp1WkSUofX,"Solid State Nodes",124957410026449,AgaveBam
JC7bH7HSZoDhwggBXtRF31cVt71WiizY2J6YDDQfG5er,"Valid Blocks",124715492430183,AgaveBam
SscQkTYV2BFQYGGffAmTzvefrFrw6z9GNYiWHstVZ77,"dogo validator",124393098439624,AgaveBam
9ppJrpsbbuGNjiMhhD52Ueco4KXUzVfrtNQ6tAcDab4f,"johndoe",123804509267550,AgaveBam
FCWkGAHDWK41ANjiaoPudkCZRkvTecaEkoZQugezUnpr,"maxfillipov",123447431426574,AgaveBam
HLXxkmjb47spcmbbKi3UCfZ2qmFY29t8MN562AEmh2Qh,"🧬 HelixNode 0% fee 🧬",122458063795343,JitoLabs
8Nvaxzif1NrdvxNkRetjT8xJvd33EHkKVrfL8EDkgaNy,"South",121942043566159,AgaveBam
HnwMGBAw5PxaX56eSYc969MorEy2NzEMPLkmBkdnJmeq,"⭐StepByStep⭐ 0%Fee+Jito MEV",121645061035066,JitoLabs
SQDS9iwyWvT2mQbSZzuNKGoxuBug5jRHouF6SuMRBkA,"Squads",121367034266837,AgaveBam
2Rv9npqdWE1mLPsT1r2obn3xtKmA5afkxt8GsWeLnKoc,"SPACE HIGH VALIDATOR +MEV",119036619620173,AgaveBam
5aD6KB8g4MPt3xJafmMmun86hHMDnoFiGbd5gYiMFZw7,"Daiko",118387043149760,AgaveBam
9hQqNe3DQTiwhspatewA8EXhz12e6sq5UJVJ2qNRwnTf,"Stake Shark",117735967975953,Agave
5HYjArGt81naevDdwMaEx8yeGNw9jYBSDJa8YavT9Mp4,"Splash",116749171772375,AgaveBam
Mwz8VgAEnPtfqS62r3ixrFiMJwnNfEwR141CGnsTo5k,"Rain Works💧MEV💧0% fees",115027590850278,JitoLabs
CpgSfd6QUoBw1267rTtJoZhELqC5q7isKLojBifSbNEE,"WestSide 🖖",114669031010507,AgaveBam
dmMwc4RazLHkvDZYrWAfbHQ6cViAvNa5szCJKaiun8S,"Ded Monkes",114590963097510,JitoLabs
MCFmmmXdzTKjBEoMggi8JGFJmd856uYSowuH2sCU5kx,"MCF",114405428860507,AgaveBam
revtecFsGSRCdF29atQvchSXrjwBesA9vSisD4fyH5K,"RevTec | 100% Block Reward",113751935395557,AgaveBam
3Pfubj3ytkRxFAGwFb5vtacuZJUxko5Du39xie9MBXuC,"[NODERS]",113619716762403,AgaveBam
GqDCbnafLmKkdqiqf278jDLXqjjZMB2sViZQtR82jPUf,"SolLana",113601052134389,AgaveBam
FACb6bbTDRBHCK999V8ox8jga5JBnt1r3vvzmAYAMv2o,"Lantern",113583876647070,JitoLabs
GiYSnFRrXrmkJMC54A1j3K4xT6ZMfx1NSThEe5X2WpDe,"MonkeDAO",113561393310121,AgaveBam
GEM1N1UE3C8BB8EaaEPrcFvT3iLMVrurknjW5AYjUReR,"Gemini",113076336133713,JitoLabs
AiBEt9kE8yZ4CnaLfTCGMp7Fg2wCtqhPTfvJ8D3zrLfu,"nodtech",112507933176026,JitoLabs
GvfaiJUhNCRZGVGumsEF1eHDb8JpAeFAyHSrTifyhrbt,"Vybe Validator",111216995597762,AgaveBam
fhsM2sxME8cHrrk3qvtMsRRDv5AoLFja7NjNnHeYZxe,"Fountainhead 🌱 Funding Dev WITH max APY",110631955857657,AgaveBam
2X7WoaXX9KPqNrNfvguhnwo3rjFPNsfw2t75fGjWRthz,"Stakely | 0% fee",109626747033256,AgaveBam
EWARp8Syq8cTWGWHtP5LT9fKAn5GvXfSCH8LfAwpgQ6m,"SOLrainDrops",109337353977348,AgaveBam
FLwV8tm3pL8pZj6d927VASzPrgW51Gf4nRJuTewrfega,"Velox Validator",108890777190527,JitoLabs
E99w1XfS4UNM1xUKXWEuDmj8Mduy7u65jm2NCULTspSV,"Project Super",108416671978568,JitoLabs
LunaowJnt875WWoqDkhHhE93SNYHa6tfFNVn1rqc57c,"LunaNova",106950478009956,AgaveBam
3V2xaccDpFib4DbTksdiveNDmiwpXBqSWyjSof3w1Bg7,"Aurora Validator",106554001080874,AgaveBam
1Link6hB1NpkCwJt3ZtpQKZszKauhEcKgiWjaU8PRDG,"OneLink Solutions",106347914555770,AgaveBam
NATsUSZGohWw8xtLdxG4yus21UCkaes4FLfM2eqKbRk,"Kisetsu Stake",106184654676553,AgaveBam
RoYFUUD7QD9aQ34UCMcwfye8dC5YvJeXz2J3mmoy5S4,"Lifinity Protocol",106107132737945,AgaveBam
EUDis6LJeJzDHTEBgfHGQyjHp63XZkGkx4E69xunC2Ej,"Validator 1",105651431877420,AgaveBam
GGX3BEoZDqjxcw4AbCdu62ZTMrkpSgmPt81oP2mVuZNS,"HashKey Cloud",104275307149795,AgaveBam
HgozywotiKv4F5g3jCgideF3gh9sdD3vz4QtgXKjWCtB,"coyote.staking",104167101455947,AgaveBam
noMiSMNpN3iGeX3WdF5M2KQdFUQt2RYYpfJ4dN1Ni3k,"Nomis",103930732622985,JitoLabs
spur5CDwBvTZszvy1ozGjRc1x2TuDWo3VF4jrq7zgvD,"",103702754257595,JitoLabs
2abwQG3v2xRemFxRszVHSfnjJNe9zu5X8duKgxjyLeaK,"Chorus One Research",103538181018024,AgaveBam
11AMA4mnNbsrPQeuoNN7uiZVJZtqEzQHrTfa5vnbcjk,"11ama Validator",103323158142781,Frankendancer
D1Vbgkrhp1TmLGhfUD1urRMx5Ntz9AqQpgdX8DR8QMC1,"Next Finance Tech",103245408128980,JitoLabs
9aCLnHrqaAkebz1eDZMDer9EFJxrJcRZG6CnnNbwK3dV,"BONK Community Validator - DFDV Powered",103182988420265,HarmonicAgave
5ghoFEVrsXeAPB6SUmBpZ2xq3KvHEjNMeSaBnxEBXkHV,"DarkTower",102888311756255,JitoLabs
AmjX7CerZbHrU814UeBp2gJC7gANNG3KrP4c3RyD7TSD,"NTT DOCOMO GLOBAL",101969512007702,AgaveBam
7knvB4bbqHCKuNp3ef2hJWdwqoH6WAUi55NQt6LdRfkx,"AutoStake ⚡️ 0% fee",101958238909068,AgaveBam
SWnetabTLirPWqEK1V1T7HkVLC5vGvfjEsb89wiqrGh,"StakeWeight.net",101883627612506,Rakurai
14GtGcdikcK33tFBhedZ4rYTHcTpWveCxLXvR3Ydx9zS,"",101734544254115,AgaveBam
BiU1DNow77wGwSXW1bLmkcQe2cuySpkbz7xtbitD9Fmk,"BurnItUp.com 🔥",101443327337896,Rakurai
adramSYKBv1yHoZTub4kepcmF5LybPxwyJcsz4fpfi7,"Adrastea Validator",101420168937759,JitoLabs
sfvTq7ojrEc5WdXcHijz676eX1pc5MgoLxbkYSdRDAB,"soltop.sh",101228062177749,JitoLabs
novaeuhY2JH2WHhc9KVTHDx2cyJZdXJC6faf4CtARZn,"Nova Consortium",101102662080667,JitoLabs
YE11a5nVJtUNqsojkphYuWc7StqBzbCeFH6BjhAAUEV,"Mellow Yellow",100377319826041,AgaveBam
3tm92VTxwyZ5MDhGoYR4tVTkwWYkzfam6hwBjauUACCk,"kuma🐻validator kumaSOL LST🚀🚀",100179276733018,AgaveBam
3x9nibnhgBHWKMRiGnsXJELRBjviQpKyigfrXtKW27KJ,"Staking kiwi validator",100124496383930,JitoLabs
AmhQFcGvH2hjkucP78rn6GMKSbstYwyFpCDVKZUwBGrG,"myhauz",98861893956716,Frankendancer
CtvdyHYt8cMuGVHFarV2RADfoCdnrbd8e9jAsB225uMW,"SolanaBull 🚀",98618386919058,AgaveBam
9PRr9k87HjjdLMRkxtxygidjxVta9VQ1kAsqgLBWXKdQ,"Golden Tower Staking",98590658793981,Frankendancer Rev
4NwpynvugnHvyLzr5h9Y7mw44saGJXDNoBjm6wgMiYDr,"",98254079356429,JitoLabs
SELEXm1aELCweknS2tsG6A4WivjVvgrTWn9doHNLj66,"Selex Validator",97747242417132,AgaveBam
5ZjxMYBbnKd4VFxLjAChSWMTeQ96147HnxZvQJxUseHV,"Watatsumi Validator",96981600102653,AgaveBam
meshRrDTME9cL2FSQ9E56EncfkZ7vL8apwcCFsw3o6Y,"Mesh Validator",96903355229775,AgaveBam
5pZvwjSpGYCxpJeySwSbSAji7kZe4YntL7rQvXM3YcNT,"Solstice",95474230356416,JitoLabs
23U4mgK9DMCxsv2StC4y2qAptP25Xv5b2cybKCeJ1to3,"BONK - Powered by Jito",95174060304720,AgaveBam
xLabscif2DLnYg39rQThqi7A9E45L9qiysRZhmZ1ARE,"xLabs",95143660204067,JitoLabs
axy3tCRL3wmFMVG4c69rYurcf4fXhBo2RcuBj9ADnJ4,"Somos Validator",95010239958982,AgaveBam
2nhGaJvR17TeytzJVajPfABHQcAwinKoCG8F69gRdQot,"WinStake Labs",94925679839333,AgaveBam
7pR7t5axFfkg2VZB1uAuFNUvpAeowq2v15J4gw5MmHTB,"",94722242644279,AgaveBam
8nbE53mcKhy74HLiGZ1q5HRocwiCvgh49csSaHSdtukr,"Moutai Validator 🚀 Performant, Secure and NO Fees",93911758922403,JitoLabs
1ggyZGbYtEo1WrV1kmXfnvhPeSPxrYAXoDBeApnszLT,"",93258771553670,JitoLabs
eyeYaqg9e2L6xw7YwsSLm27eWJfhLNAm6ETQm8TXNoK,"Eyenotion",92698969918205,JitoLabs
FyLVPAKkgdAy8Gn9jnFYN5yjC1ubQWRkw2EHt2UnC8uA,"Solary | 0% +MEV",91310423534485,AgaveBam
HW4zorvt6xDwhU36RqjcWNwU8YMj9tiqnAafBKW4cqV,"Moise",90608350523097,AgaveBam
ALp2GdA1eJV8vZHMHazCtTxNXe3BLUSco9LDASgjDs8R,"🌸 SOLGirl MEV ⚡️👩‍💻",90206035075892,AgaveBam
6xUK9Nbonr4eoJNtHGoUEMmYKoPz5mipKzyDBv6deX4d,"LuSOL +MEV",90172642474706,AgaveBam
h3ZXAE168mNxsszYYrUfkMVSCWx6DU2Uvrx97Kb1Nch,"Validation Cloud",90163750663565,AgaveBam
Sh1ro1CaaVjNuihgNK6kay7jwcWzSqD2fdix6RNPaSh,"",90020568769978,JitoLabs
DP9iBgK9c7tJYb83KhxQMFNc1LXYu7nE7EhWpEzQnjmg,"Sec3",89963006438884,AgaveBam
DeepM3FDWaAb7o53rvyZk5YvHLG3FvDiVXJLRY78z51p,"DeepStake",89255124263771,AgaveBam
49j9bnkdgVNxLwsZ9h88sPR5MYEmsUyKrrJ6ZW8ijBrb,"StakeChain",88766421122455,AgaveBam
4Kbcyn7JVPAWLRLPsNGTPmcNMvCkLTw51ZLRhqsUC6jP,"",87888008922232,Frankendancer
96XWbKem84optM8RLHhc8EYJQG8CCWA8F6oqWMPHDweN,"NastiK",87790022570285,JitoLabs
gojir4WnhS7VS1JdbnanJMzaMfr4UD7KeX1ixWAHEmw,"Gojira",87494619954857,AgaveBam
9ueKvL3WiLM4mNUZrfWqPTYY2Np5YwzFTYvAiPibx1Zq,"",87111232472548,AgaveBam
ChaossRPGKnsVhX1GfPC78yq5Sqju4cMThcAsKZNz5d6,"Udder Chaos 🐄",87080143110917,AgaveBam
99rG5AhkVagxJ7y8NpMAmy1h1u9GhT3h1Cimu2X3cwaJ,"",86384668424025,JitoLabs
5t4shVsKnUqgjmhK3fFNsvyju2E6Rd7cc4S5pmqqEVEW,"SteakStache",85846082450778,JitoLabs
SaV6UWBaE8M3kwMBfAhQ6Tmvd2qdJRm94NTwLqtoyGd,"South African Community Validator",85502495610360,JitoLabs
6Rk694kh1QTyQkirdb1uDZmS5xqG9bNaYtxx8d311Mr7,"Anode ⚡️ Beta",84620599379805,AgaveBam
D1A4F2yh38JLQExKjDiCi4G2tCMwj93c3sikseSSePKe,"",83836504146228,JitoLabs
4W3jdXyqhLCjzA3Liu8ZNjViwrc6N9YjSB7obbxfjcKE,"Glory to Ukraine",83709688016272,AgaveBam
32jCuWyy4aJjyv4gd4DSGBHmFU5KUSSfqbmPb9GpMin6,"",83370360332740,Frankendancer
Hu7pi2Xg5Kav8vSAUUr5CCZaEmMCzT6FgCTpueu3oBtW,"",83225615883125,JitoLabs
hykfH9jUQqe2yqv3VqVAK5AmMYqrmMWmdwDcbfsm6My,"Hayek",83197001761835,AgaveBam
icex1C6pnZxznQWiHZZANjGU8nZ8kNquFnjyY7XXrXE,"BrewlabsHQ",83172579117120,Rakurai
2dxz129YxB1xtf7Mx6HUT5JspexArNNtQt84FYueWZV7,"NeNa 🌻",82764745663982,JitoLabs
BxkAkLR2W3agWtjMXBNvhxmB8vsn7zhjNQcyfost99KY,"🪐 To The Stars 🪐",82741959609819,AgaveBam
DupN8puwoPdFo9EYm8AXemEn9cMsore1QmZzfPaxyUG4,"Buffalo Steve",82674648619167,AgaveBam
ECeaWy82CxpeJQr3EG3XNmYXc9NrVeWDH5ag9Lt6TPVR,"SolX +Mev",81449320218911,AgaveBam
Fy7RCjDdFLG8wLn7TBKbccaKwYX1FetdSoVDREdUHf5o,"3SDK",80534979985039,AgaveBam
3Rv6ZVGUuRczP76322LyhTTYw2iM4avV4B5xFJocQJer,"Gaxx Validator",80519254721212,AgaveBam
ByszyWdqC3rVMWy8f6jwK5cmwkpwYdwsr7UL58xS5vnm,"ILY♡ Validator ➕ Firedancer🔥 ||neochibi culture X:@ILY_validator",80510884284394,AgaveBam
BirdeyeK5yooepHNNgaW2bGGDD2jmib4oSRFTHyELbZ1,"Birdeye Plus",80465725419510,AgaveBam
nodeEgRVkbYLAQePtMx2zCN7CGw7qRgzKMCBtjMfN1D,"Node Integration",80090947369556,JitoLabs
b1ueZK9bWTywN2587zsScyLTaH18wfRfN5W15XnkiqF,"Blue Sky",80079044971292,AgaveBam
CiR8HNCfkjtcongPmP2DRdZPnFgjSbN5gsXdjmsXXHcB,"Shiro",79497055150071,AgaveBam
2VKu11f8zc3huqDQUN6WJTFpX32PgHpXXjf72P6YvYMd,"Marco Polo 0% Fee +MEV",79422689600245,JitoLabs
AdSHK6vpQnwHRSw7jXUwjMEytmhFwnynZSENhvpAxL1y,"crypto-jack-sparrow",79379123384600,AgaveBam
5HCTsoKM7vwjubSZSyVWChaHQ9sNNRB1d2SuvL3eZ6Y6,"Amber",78848671742059,AgaveBam
stacheBmGG5zMKuetUevAbc4m4dLbve1VPcpSur3voH,"Hydex",78715079548475,JitoLabs
anzaeL7Lsv71HW2mew8YcKGyGqL6qNn3xoNPRrejM73,"Anza_New_Stake",78465023312350,AgaveBam
7Nn8qBJey7vXtVFMNBbbuN8UkujU8Y6nWzbHVGuf49yV,"livechanger",78180011304215,JitoLabs
CpNnGGhgVATJAbzHUXdrcGfpPiGuZyPka4QUmH7YgavX,"DICS - Degen Infrastructure Core Services",78139094403098,AgaveBam
mythxvB89eT3C1TKwwhsvdHfYq2aoCt2es8vLoDFYyk,"Mythx",77800697024661,AgaveBam
NLMSHTjmSiRxGJPs3uaqtsFBC2dTGYwK41U18Nmw5kH,"T-STAKE Systems",77663639892193,AgaveBam
RAuSNo4DRjo83uGhdgg4fPqYBVszi1KsrQGpqcPHK1D,"Hubra",77514687308232,AgaveBam
EATpCzQNs8BzZh1mx1hXMAJm3o1MLXakTXr4UEmcsY7f,"EAT TRIBE",77164032808705,AgaveBam
5zuNci3TV79w6zLoJZzbZujMvkVZb2FcSPhgv9aT24AK,"Solana Japan Validator🇯🇵",76790935430831,AgaveBam
3YX7PQuESmR2h95FDgjahEQjyCBhmY1Ts2MsrM1Kg9DS,"Banana Business (BB)",76474022577374,JitoLabs
2icWF7TvxyycF7d1NHpMZYuJJqiRy2h7wmjFSbqUij1B,"",76262351945779,JitoLabs
2Eq6YD8P8QXTeoz9h6JHjgZ55t8RSxNdx4waMDCoPmQU,"EvasMainnet",76011099438012,AgaveBam
chrtyETASKQhsndRM9pr6qC3gAHG5MuRwCgXSNVqnJL,"Charity Soul",75723960465155,JitoLabs
3BeharBd3j4sKQp7Qze27JLQLd9AEEwGTX9TC7dXYSNw,"Dragon Trust Stake",75620361441704,AgaveBam
2AKKnirWVZMhnzuwqpizw9SwfZjGpRFLx2zCCNtPWpbc,"The Chimpions",75513324735983,AgaveBam
BJvrWSfonXnS2Km8iA9KLY6D6vS3GcsaUwUNPFBumTca,"rossi-mainnet",75284168180455,AgaveBam
BaDhUB1eWfunwD21Tu3WywyYQ9wZx5hS9WXeHHNGZUPy,"",75000043211492,JitoLabs
CtzN7ysR5rX69qd168Aosbuc83mPozhi81bEHbG7ecNP,"Citizen Node",74872469994286,AgaveBam
5fSQdv4zsAJNx6RKpGho6sL6rY6a8nziaqcmwaRJB9NE,"Blossom",74486561457027,AgaveBam
mALL2W6DUgDDtcyurC9v5YTF2CMMeuRwPBkf6tEoG3y,"mallow",72877165965025,JitoLabs
CwhdMezLucz7bcuWzStpLXgrzKGC2tBBiaVmJZjfprRN,"Sarmina",72085786004175,JitoLabs
omeg2wsojzB7tfyAxsFhp8npxHL8yxVnaf51poXCwSd,"OmegaNode Validator",71811199801932,AgaveBam
GQiWnDYrzHMALWG9avt5FCu1wisAQHjGY5ve7GMBiPEe,"Nam-dok-mai 🤑 stake-earn-repeat",71711854073573,AgaveBam
6JKwz43wDTgk5n8eNCJrtsnNtkDdKd1XUZAvB9WkiEQ4,"",71158989247684,JitoLabs
wetkjRRRDrSPAzHqfVHtFDbhNnejKm5UPfkHeccFCpo,"GUIDES",70824191345012,AgaveBam
2pCxbAfUEwuL2k9Fiz3xnronPqRnXsuz9XV76ddq2GEt,"",70817071010542,JitoLabs
ABREU5YkQcfpDZymoQ97iGUgQcfgjctWUUxEMfumiPdV,"ABREU Foundation",70786714224785,JitoLabs
CZanBzZHFzrGY5qKzaX3CNhJ5smHEMTWFFnoeUi4J6dr,"Omakase",70508197699295,Frankendancer
HzF7Kov41YJvKNkVEepUByEP5NKG45NJTc63JUDxT7tE,"",70449535865949,JitoLabs
6c6RrC9TWNgiVXnbZ6hehNuhyh81pZK1yAj5w2nXZTwi,"Ivy Oracle",70392169337387,JitoLabs
8dz6mnkZC5eavdkyvFAEGSvXdV8vDYtWmtYtj9GcESUG,"BullMooseSystems",70168207595635,HarmonicAgave
LitxAVo3RnYXD2sX1TyRJxfnKy48amXgyGiysPZjZwE,"Litx - 0% Commission",69623255366462,AgaveBam
8augxYLUge2iWmitQMwbcBL5VQEpsM6aJdRofhwpnzyw,"Stake.Cake",69360561710372,AgaveBam
HLyBoQdXsCcCCXgPMcT6QN64V9zEe43zi4BDoYCramJ3,"CatScope Community Validator",69096441255685,HarmonicAgave
DURt7rLam3Dhm98nzV9gdbvc5BucoAQYE5HgCgGyYEbi,"Official DogWifValidator - DFDV Powered",68963469961674,HarmonicAgave
huinBRP3muBuqZLMW8ARjdn4mBnEmFFcxiBzrkQz553,"Huisky Staking | sol to",68920353628052,Frankendancer Rev
jntr1vkzvSujfckGR6ANmFmirVoPBMNr5XJGKP5uDQA,"Janitor",68820418464400,AgaveBam
7PpXQgDb9eCHN1Uudgi77Wm89cRz4T85YgDw83qvaJXd,"Nodance 💃 00",68405075109751,AgaveBam
BSGMRbK97DcgLe4u4kfNQnmTVZGVnwdtKQBJqWRBTZxU,"Black Sea Gold",67943677189761,AgaveBam
BuonuQoAR74GoMwCFhxKWVWWSGGt2wfbNmQ3cizaJ97G,"Solarius☀️",67937311175821,AgaveBam
BCS95L5JHBWHvWkcEJBEF3BH5QHxKcPeaTgoYmHLvfFh,"Kairos Research X Firstset",67561862730154,AgaveBam
HwN6eoEe9N3kwHi66hpQDBMFPk6ASQGthWKPX5MZmisp,"Solya",67318986327868,JitoLabs
PoN1E3VyqwqoGQEhC8ExpkRKTuyhxtGLnHHH3DwbgTU,"Ponke Validator",66699323033439,AgaveBam
3DaPk6TdeGnEBwTR8fEyZSLkdayk6vZXrqGZhAgYK8BV,"Stand With Ukraine",66556771369229,AgaveBam
FNTPSUuRpDoJx1hwFmB5ncNLLMX42aE83P4hsFYUfNRL,"Nodz",66291726931575,AgaveBam
EydLxzdWfD434DDxZYXkTcajvK5VKH7p6CofEDCRUkJ4,"Bernardo Beacon",66106564448672,AgaveBam
simpRo1FrQYGa1moicfgnPDp6KyE38d4gYrZzhjXYJb,"Simpdigit",65907569080293,Harmonic
REA1zKzM5WjDEcpB27Zx2Rk16foNPtLGTETy93LLgNw,"",65770217363747,JitoLabs
odcvDWH5wHVKz9XtmGGxTj5ZsmawTjCCty3nyBKDGzS,"Odyssey",65666375328710,JitoLabs
9T6SNsBimjCRJpkEjiVsc8AcxTBa1XVA7RjnBGGfWP23,"NeuralNode",65644121183292,AgaveBam
D8xKNftHzFcCekENuTEcFC1eoL9y8wNHEg4Q5z57KK4e,"Mice Stakin'",64869469350563,AgaveBam
nateKhsYkrVc992UuTfAhEEFQqr2zQfpGg9RafNkxdC,"Epoch.Day",64858740874216,JitoLabs
DefiihS7gLkj6xLjjhcr87bFuwpVVNYpeNBaBeFe56CY,"Yield Lab",64523794592980,JitoLabs
gotasRuLTuJNZDtLHmaDJpEUjCWZqkHcuwbLhkgCwCX,"Gotas",64363515143037,JitoLabs
78sEMVmeecStjxWU7XMJMH8bMRBW9vSiEAhAjtZbt3fW,"Solai Limited (NYSE: SLAI)",64160373104986,AgaveBam
MargusJeV9bkePFLWbbzRNsMVo3Re6h9wKB5Ago8Tfj,"MARGUS.ONE 💎 0% fee +MEV!",64083153693489,JitoLabs
Ettghfhr2kQerqAyGUuifFtBX17QecRe2gwpUZTAbZuw,"BTHS Student Validator",63982609381189,Frankendancer
6gL3uHvuUjaPp9mTBf2VZ4tpKiYhbWyPrAPboGByzEHd,"Mira Validator",63910604202826,JitoLabs
svsD6T44XJnuXQWB15sy1pBxxruzrFy8rR7gXy8Jsj3,"Solana Vibe Station",63688440430120,Frankendancer
pineXRUnbaLNFMxaM3zBmFfTiKgQMGqT9jYHXZWq2Fw,"Pine Analytics",62951845271330,JitoLabs
4YGgmwyqztpJeAi3pzHQ4Gf9cWrMHCjZaWeWoCK6zz6X,"Chainlayer",62914336259661,AgaveBam
DCKyEmMENQMtLXgbmUoHRmgP9XdJ9HsR5WxrKnSDCzKA,"Dicky",62744428106598,AgaveBam
RoYLttggWwa2st3KAGEjnPhsq4NPD5QwaNVyyR8pTz4,"Royal",62538864963544,AgaveBam
uxqVAFQfox97HazsPtkKiwhypQH6jEGXkQBHDtXshrk,"Waterloo Blockchain",62495249477276,Frankendancer
1i1yPyh843bTfi5qPgqozTbDcEX65rUNEFcUT2KAs2i,"Lilith",62457682149968,AgaveBam
7ZjHeeYEesmBs4N6aDvCQimKdtJX2bs5boXpJmpG2bZJ,"Chainflow Experimental",62360032297249,Harmonic
sTEVErNNwF2qPnV6DuNPkWpEyCt4UU6k2Y3Hyn7WUFu,"STEVE",62152557889582,AgaveBam
CVGwNaC1FaG95hRBHUuieDLyQU2hJuGhPduu2cMyHnw6,"",62151727470506,AgaveBam
dst2u7mXMyDvb14cSErRNA1mxH1d5VXbSXgZ3DKE9xH,"Dust Eleven",62021594779295,AgaveBam
6qwYjs5vCSEKaTMBbHinnW8fvdGj1r8cpzPoAV1EHKsw,"Fast Runner",62000298223636,AgaveBam
chdvWr6T14nqGRFD37KY36dsvhkCtDaufW5rpu3AfHe,"CH Dev",61962792406730,AgaveBam
hnhCMmnrmod4rcyc3QRKkLEC9XnPTvYJ2gBvjgFiV4o,"Hodl & Hodl LLLP",61773647260886,AgaveBam
SaGAgdkowooXBrHihpmE8gsjf1dUG7n5SqnyJxYFnXJ,"Saga DAO",61614791626778,AgaveBam
ExCHWgfeJyKRzpfryiQn4W6aYaWhbSAEnsoUnBGNqjWD,"Exchange Art Validator",61604440140723,AgaveBam
XAqHfPFsqTfAJHBRHAcEECkMSykXjkUj2Rta16Qshrk,"Blockchain at Emory",61409603132670,Frankendancer
FoigPJ6kL6Gth5Er6t9d1Nkh96Skadqw63Ciyjxc1f8H,"Solana.capital",61403522945096,JitoLabs
SANDCxXBbQhvbUqNtiLqKdFEY1uQhVo1UgUACaS4mXU,"Goldsand",61284671998910,JitoLabs
AjGby82yXeYgj3kmng9y3c4nQpZFmiPpJKecLJTHbfbP,"🍞 STAKERY 🍞",61164976357851,AgaveBam
prt1st4RSxAt32ams4zsXCe1kavzmKeoR7eh1sdYRXW,"Portals",60827071366408,AgaveBam
ppppoqHcHVzigV6SK4856BAsNxhTAi32hqQQWrziyHE,"Pesky Penguins 🔥💃 NOOT NOOT",60219476433543,Frankendancer
EBk678aQvc3cUkfGyoehfw21JQfJXjmWuBeopYc89RSV,"佛金疯 Solana Chinese Community",59776619492433,JitoLabs
9U4WqNGVywKt3gG9HSt9tGVXBDXJvgid6BVweRysaJmg,"6hTLQ5HSdWcpZkbXmZxXaGjCgTh7zh8UeWKWKgGE1BPp",59238512494503,AgaveBam
AnKWYWA1zktynzWqPC5KQFYWrTEWNny2CAHbAVU9zSXT,"DriveSol",58961932597271,JitoLabs
te1ee9rGf369wxYQkuxkvuvMuTJ9cksgZySmNUF8rNY,"Telemetry",58794862747793,AgaveBam
BFMufPp4wW276nFzB7FVHgtY8FTahzn53kxxJaNpPGu6,"old solanahub",58126488409517,JitoLabs
adre1Xia7ekGsEqNgHeFc7MYwkfzTQNeJgQmZ2agAKZ,"Adrena",58048071049089,AgaveBam
CBUGET5PnvLc3HvEeFYj64iTvdKhYV6pujTPDdDh785K,"SGTstake - 0% Fee + MEV 0% fee",57487859095189,JitoLabs
sce2zXNjLpPMcSCATTrLiQhAAvHNNMKypTFVtg2H37U,"",57372776389945,Agave
scb2TYPmwHgKxXJaJNq6gHKwYkVyLKx58hz9RbCKZZR,"",57370581970712,Agave
scs1NCSTafrUX6RBx113B9YDCepo1QdEzU8WwEkf25i,"",57361748264737,Agave
scb1Z7du8NVSaHFXsafSjRdXr6xBjWR3iugikL739Y1,"",57345513765222,Agave
sce1oTWYVXv7a7Hy2skxREozs5nwkQ4wDT8XJSi5tgE,"",57333277510521,Agave
sce3TfT81rxYYcdbP1kBFMcTK3ZBc8hvHVeXD6WLSzE,"",57274407581818,Agave
scs2Ra91pMbvqFAP7uitrN5U25SoyBTqZgBbhpVMJko,"",57262845792970,Agave
TxtxXzLTDQ9W4ya3xgwyaqVa6Tky6Yqhi5BLpPCc9tZ,"txtx",57170307223020,JitoLabs
D8kuk3qEiVBGwYkuMGKfBDwuRi6jjRkzjAZg45fdaRLx,"LuminaNodes",56569547788290,AgaveBam
gVALrRd3xq4D62KJNGDCpMMGz976w2x1Vo79mSNn4bh,"Guardian Validator",56377539152718,Rakurai
mds2fZEpJP688PqJHvfLxGyf2VFrcNkvjuUxNYCwjrq,"",56305137559232,Agave
mds1WWedpezW3qvgML4WgP341jZksYAy5SbMLwjP5KC,"",56187646308066,Agave
4SgoyAwN26iu9Gpf12Bk1rnzp4G4yDUM3XVv4w7VQcAf,"SkipLine",55503667875957,JitoLabs
mds3Df1ieBonG2qS8ZoKTqshq5MgTUNfZgc78cjiCdq,"",55483231813995,Agave
H9METtoxNp2PhcDNxXwqpzBarJw9zJezhzdDEFgBqv8w,"Teraswitch",54301883568041,JitoLabs
vnd1Ps8w3fsi54qUMJxBhUWARES34Qw7JQXDZxvbysd,"Vandal",54230461709356,JitoLabs
AYY1TCe347UZ7zueBmF4MyoFkeEZquRUNVBNoUZiRoew,"Fthr Validator",54020442099945,JitoLabs
ReFiqMfGnc7tW8WQtFFcJRPZSDAWDBnAsdoFYF2QnfR,"ReFi Hub",53753265522686,JitoLabs
Uf7TePem6vihMBiRg2d1ivnoNtRapdATfe5o99NuZH6,"Onii-chan~",53440556601589,AgaveBam
7U68WfpxJF5W1HjVQ2NCQr5EuKhNSvSRAnmWTk6225Jf,"NodT",53426427970393,JitoLabs
4kL5QD8ir5CvkuvCUnQhBDuWhq3Xfnz3UfQLt4CqPQZQ,"Swyke | ISO27001",53194406356227,Frankendancer
ELE1xBTfmHB7vuhSH94q23r6j3tuvTXYTqgm1u4uzMLk,"Fundamental",53103862381803,JitoLabs
G1eAmANVWf6ZeoxG4aMbS1APauyEDHqLxHFytzk5hZqN,"Gleam",52971071601368,AgaveBam
65pHd5P2VrehonT1cdJ2JUnq5wi3WUgfL3A8RhYH7Kg7,"",52773425429164,HarmonicAgave
tkmaiSoZ3F8MofkQBVWG6JYSCzyN6ioe7ReYXohx3WJ,"Tokamai",51615539678279,AgaveBam
EAW9vxqogvdPNapq7QTDpiVTHK6o7begUhPVnf854VTc,"CuBe-M",51324823839273,AgaveBam
kyzzzgRymGpePUsLyr48kQHt53kh5CSfRH1qfvz1xgj,"Kyzzen",50908622462245,Frankendancer
4vdWYn2KbmQ3Dns5wVBfz4CFQDds4b7CpsC8MHBhHAib,"Unit 261",50744182403276,AgaveBam
AWZhUiQjrjtxL8MEMWsCFbMausFQKkdTnDsFW2i411hN,"MeshMap",50697304121350,AgaveBam
CARBN9PY1Qej1aCg4885pfoYH8EHfjWuMy59pVa48ky,"Cloak",49932212449840,JitoLabs
B94PGWcxE9iEDov8sZobTkqEY96Yb5gfcsYWSWpQxh6S,"SUNREN",49803847121049,AgaveBam
EPFZFVrXuveEQar9LaEkt5kDRPMnbvK54qu5FwCxpkcy,"AiSol",49548701222187,AgaveBam
mrgn4sJJu5GBa5wbKyjuASzhyCifvcedGoLtpKjB3Wf,"Project 0 Meridian",49228732253727,HarmonicAgave
DtY5Bzxd75iWQRvKwM2xLUxqwLT1RRoeNwmVvgS2JANA,"00💥Green House Crypto⚡️Jito BAM",49219850821019,AgaveBam
7VZM7YHcX73TpGoXDeBu61g4QKC86GwAEnew8dA7Y2xn,"BLOCKSIZE",49190163049764,AgaveBam
UNrgBLmc8JT6A3dxXY9DWeHvDezt2DZQbhg1KPQfqEL,"Unruggable",49142592821083,AgaveBam
dxa6QFqLcByyHykLCAW5tv1VYNVQFV3v6oovM2h8inH,"Fidelity Center for Applied Technology (FCAT®)",48815355111053,AgaveBam
BeRtYZnaaZLFwYQRPaZcxuuHBmyFBSGP32C8Ls5xnrZP,"BIG BERTY",47721602157621,JitoLabs
kREnNfJrPEHbrjSQDxmxZdGmN6hi7ewXZ3UZTURshrk,"Rutgers Blockchain",47482463924629,Frankendancer
LFGGGJtnBLvq78DyMz1gTeedM6f8owck76qHThDABBC,"_gamma",47462075588964,Frankendancer
13DmVBcyrSdsSsLWaKH9x1dwxDf48Wu5wprwxMmLshrk,"Blockchain at Georgia Tech",47447093869226,Frankendancer
BSMe78Jk1BfeJDdHQj1aXVjrT2aMAYidyNAGQsTshrk,"Dalhousie Blockchain Society",47417803289167,Frankendancer
8aPHvzVV91jZF948tykkoF6WfgLHppNfG8Z3V4gCrDix,"TIEXO",47407963887223,AgaveBam
q1yPXLsYcJhzxhUYLewFDjYmsBh2gDFnYqrZ9VPshrk,"Blockchain at Columbia",47359199429941,Frankendancer
5LNEDitSMhApT2uFnmtN7FmjCiGuatpnb2uU4f3shrk,"Princeton Blockchain",47347970349841,Frankendancer
U82KEYMnuCiZSQbvuCJTZ652HX9NQ63uNSnxyucshrk,"Villanova Crypto Club",47347748215693,Frankendancer
12i8gndWWWMTRzJBFhnYkobNgZB3XMUUJq75HeUrshrk,"University of Minnesota Blockchain Club",47345234960599,Frankendancer
ACTGYsH7bHbaSP7z9N86oLPHBThAELbGfTboc1VoFeZz,"Flipside",46917646070345,AgaveBam
pitMDEaMmWmr7qP8HsNqarPQkd3jhZbLJibhhQnL5RG,"KitBull ✅ MEV Rewards",46827685251814,AgaveBam
3KNGMiXwhy2CAWVNpLoUt25sNngFnX1mZpaiEeVccBA6,"01node",46684107787644,JitoLabs
sCANXAaS1a7yB8jz3USvGNLfd8DSc9r7TNzNSKKPkfY,"Range",45982273342715,AgaveBam
MFLKSo4XDfrBf4FByx76zYM2dXSWcigag7ec2bCHTR4,"The Mindfolk",45862512108429,JitoLabs
FoXyHJXdQGK2eHoTjSAzHq4hzxWdJvpGgyzrtPS9eAk,"Famous Foxes",45320401555883,JitoLabs
AccReGBNBdUCEJ7ZyP231jw7uVJ3eF9u4cLBFAyqQuWm,"Accretion | r0bre",45167374923874,Frankendancer Rev
LodeuWMHPiPj2PUHUyca2bkpFv9HyzR3gaDBmGJ9TSS,"The Lode (Sentries)",45151996312262,AgaveBam
DEgenZMznWXvg5YHaZM75arVTauV453SeXX1UrxcGNup,"DegenBot",43662775969369,JitoLabs
DTELykegBxxEn9c15GbH1zbYFr9CFd8VHQnhTGfz5JLb,"dTelecom",42623668171076,AgaveBam
SFundNVpuWk89g211WKUZGkuu4BsKSp7PbnmRsPZLos,"Staking Fund",42615505495898,AgaveBam
ES1M3tMZ4rMTJ3apE75cHfeGWizDTrMMXy2zKtWkd38R,"Spark Node",42024647598625,JitoLabs
CVgwMrWo9chKEuEPCe6Za9KJe8jamnAcoeWzaMeNubr6,"SelfLiquidity",41502085864917,JitoLabs
LTP1bMnfq1Z6UctyDXYHo9qcUJ6ReXm9cG2VwQcsHBt,"LTP",40963463571751,AgaveBam
DiFeTctQSaNczJNmZ5121kYqLaBe9wDpM9sjCzTELJLE,"Serhio911",40857129743819,Agave
THE1CosYJD9F1eBq53Fg4MZYZa5WrPUf2RQU5ZHnfEj,"Theia",40197307930043,AgaveBam
SoLiDJGk4WkdinyLiRWjkFbgLUhjL3idGJK8H1rUWqH,"Solana ID",39830306675117,JitoLabs
ZoD1XLMhxdMveAJL4x9oab4FhRKP5NThTnSCH19Tdjp,"Zodia Custody",39140585990987,JitoLabs
8cnksBVjDPspn3AvmxJd8JKUdh4uWDDXzDemPmDctaHi,"StakeWave",39132722971366,AgaveBam
gangtCrQg5RmKf5yxvhvZThPugPX58pDSdQ5UuS26vN,"The Lotus Validator",37893974813417,HarmonicAgave
ark1hdnnfmusE24wGHkyVG1gdRCqfmXs9drasDAdABZ,"",37640257285379,JitoLabs
2Le6TjeEescF87qDA8Ftdz6U8Kq6SNVwoLJLhzBCHUr5,"U1S1 Validator 🚀 Performant, Secure and NO Fees",37614485603583,JitoLabs
9D3o3EYeknhTrRvXS1PnD2euGXnMFa3HwpYBq5gPZJDA,"",37600022921264,Agave
6YDWxPaJWpZxJ6JLGaBeTJaGQn3gi3Pwtivii9cDyDHo,"Tartan | RaggedSec",36041465089541,AgaveBam
STPTshazcjH6cZMHzQBrggFSPHXYCTRGB7ctqS1AjkH,"Solana Portugal",35679751018044,JitoLabs
TopjgY7N1fJdnW89S9fX6t7LF61nspgXGL1NpgAKhDG,"TopReward",34708618469526,Rakurai
LiFiDJwJjW98MB8wxcnXpafKYsuz1hwpUkuszkERiX6,"LI.FI",34487354832790,AgaveBam
EBoKqyT2kCabcHXgpF7ScwrHgGUsR821xkTJsHtP2JJi,"Irishka",34126369315180,JitoLabs
4GEEKSwuiBHWTff9WaqrDcToZjbX6KYdyB4c578Zxse2,"Sol4Geeks",34034237366662,AgaveBam
rapXHroUoGG3KvZ3qwjvGMdA7siWXwXpiNC1bYarvSC,"Raposa Coffee",33610389563760,AgaveBam
parayLyZvwnGjDT2pGqrVn8UDxmNcdNQCE8uPRWMeRz,"",33317344861238,JitoLabs
pitch9cMruwjDtAnisNS4mwZUPhMsBztNEGu2weMg55,"DePitch Academy",33235184386549,AgaveBam
7CR6whiYULVf1Knj4J5PxUS37opdk8UAx2WnDzBQKiVe,"DataHive AI",32564642151914,AgaveBam
MicoB9cA9R6jsicdhzWFjwd9HMkV8FA4o3WxYU6Z2yz,"MICOBO",31440735103939,AgaveBam
FphFJA451qptiGyCeCN3xvrDi8cApGAnyR5vw2KxxQ1q,"ex1arey 💫 0% fee + MEV!",31044075106133,AgaveBam
5N9r2ne7dPgHtzeHC5ETJ3DAueKQiXSU8KAmEZrrojT7,"thugDAO Validator",30971662188822,AgaveBam
R2D2imoV8nXk1ngT9v4dEK65We4uLNyUarTBdWbFruq,"🤖 RoboRun.xyz",30836516562748,Frankendancer
STaKesuXJH6UGRizuEVSWG1tyLu5ycKgWj3i1HUdvs5,"Private",29163259271592,JitoLabs
ECNnK4VjcKTsABiw8FAp3JCE6tCmYyrEJthYVyMazmxi,"NCValidator",29163025105465,AgaveBam
2bpfa8JbFfZUGUsedDsemu6vQUxbhcEM8ALSH3PgXd2d,"EAC",29124472757723,JitoLabs
FFevTkywysWf8PJvH4DZkEp4v9ks9HJPJhZWbhhJiYnr,"Hinode Technologies",28966355570447,AgaveBam
E9hD3ikumJx1GVswDjnpCt6Uu4WG5mz1PDWCqdE5uhmo,"cp0x_by_STAKRspace",28877636124737,JitoLabs
Atom7LRkdXj6MBoWJPgjaetrCMrgB9nnkQBYXTWE8Z3S,"Quantum Crypto",28777956317571,AgaveBam
BCjGyexo1i7qpN9CbJ9Zt8avWr4Lb2JRtcm43sJvsgQK,"SOLAnode | 🔥 0% Fee + ⚡ MEV Rewards",27676289982935,Frankendancer Rev
Lua1fxRRHCnjVAYdfGyv2GbUsRHGM2DN2wgpWuF2WSb,"Lua Sol Foundation",27538936575300,AgaveBam
dzBhD4wikyy7xqwiJvT49gdrKqWVjfs9M6cTssmRX8Y,"IBRL",25973703431118,Agave
E4xNK4UwGnMtkdiUPyx13i6NkFDdW9Gw9NFGY93wEdGZ,"Block Rush Validator",25945269826527,JitoLabs
Xoir1BnQX9TbEvon9HRbD8tkjcD9dorsxmNjZAV64Re,"YYDS Validator 🚀 Performant, Secure and NO Fees",25780109555684,JitoLabs
EZHZcXFpiiooHDJymKPro6gSVBqz6JfRwDAnSHUwkXRV,"Rancho Stake",25235618659409,AgaveBam
CeJjdkRwfqYjrb7ZgKgqTurxx88H6kZyRadJwNJBcQwC,"",25035958797125,AgaveBam
UZBmptMjMSQEPKm4WyUkJeAuvZSqTuNK3cQCKFqJcXT,"UZB Validator",24964915886481,JitoLabs
HFSPaT8zL2a75cVW3snNzgjFRPZj1GbKJRF2RJ1qztkZ,"Moon Stake",24921536278540,AgaveBam
3DaifGfDESUzer5ggUeo6UDjqEKMkCpdNSrrvyuggHVe,"Speedlanding Validator",24070554403576,JitoLabs
3UfMeKHFaoZzN68TQJZXbLEARLZdhYmFcEvrMhtXTpnz,"",24010998717122,Agave
5P35CJVKU15Rrh5M6EVkre23EyA3K34kAut2GXhHKM7W,"",24002337691766,JitoLabs
8Rf7hLczBzGb71rmEjw3h9tTcxGijDiDHL651H9SfSFa,"marcograss",21612553457632,Frankendancer Rev
KAoSp3EudGqUBXv46tQoDwbZxSm3iXa9wM2aF4ySbJJ,"Aepalizage",21333251669156,AgaveBam
Spiky3mMSLHGhffuEhYR7ptMNZ8NddddwrTjki4VhWk,"Hedgehog Spiky Validator",21079422116144,JitoLabs
orbit1bWKxnECKLqjhm5rybTiEC2GEYbecyebgEfM5q,"OrbitFlare Validator",20730151939212,Frankendancer
NWY18yrPHsTogTDq78HpB51D7gC5AGRsvJ5pPqSchkH,"",20559122589547,JitoLabs
KAW1LjxH73tRBd1XsaqsRsgeERFkg4WpdXUSqR4QjkW,"Kawil",20308216937216,AgaveBam
anatWca4MKScN6y6zo5GEoao5ABy1BLHYLz5s2DnjZA,"",19999998717120,HarmonicAgave
2ufnDYz755WuHqGCczry1ACTNUVZdn2cm43bCyyPSZtH,"ZAN",19000999717320,JitoLabs
FLVgaCPvSGFguumN9ao188izB4K4rxSWzkHneQMtkwQJ,"EWR 0% Validator | No commission + Jito/MEV",18904204177935,AgaveBam
sTepQGoReJq2tBKStL19DT6nnGHcGiAvFjyYaokLyuM,"Step Finance",18308033096924,AgaveBam
chopskqnudaeCTENWzUjfFCBSLcxprqbdMoCAucAwfb,"Choplet Studios",17861883750420,AgaveBam
4mzLWNgBX67zVwTykNnq96Z6KQLc8UyV5Q35EfVCDifC,"Puerta del Sol",17823541052860,JitoLabs
6yVX5rkTR3NfgCuu37vkmLCeG2RLqKaJHLj4G6b4Dvzu,"Decomissioning node, redelegate by Feb 23",17439070044059,JitoLabs
BhNnboEZb3mKkVADMH11cYGWCqefAfmhzx5rU4eRTKGY,"Blocmates X Firstset",17262518923439,AgaveBam
6tpuCGuvAZyUwQPFLKmiUfGUKSBjk3yVHJ314cfJV4ZF,"Valor Node Capital",17247428159634,JitoLabs
9jJ3YRBL611e7xjXFMBExuninmTWjDnv3FXNotHmPnK2,"",17032461876515,JitoLabs
BRAZAtTTzR2Es8c98hJvcngerTEyRGSdgkHU59n4A6GT,"Superteam Brazil",16896101092475,JitoLabs
BCJN2vZFAHDYmufBDcbD5UAQHSyerXfc6UQkgX3mSWuh,"TomYum",16591745653609,JitoLabs
PuRposE4utktenW49N8DCtVzdVEwYrmsrroboEUram4,"",16408093886038,JitoLabs
HrWYa5vKZrcDbQWE39SGYwyzYcbsmXfBiHJGxpasymm,"",16352912717307,AgaveBam
CuStTdKU5nWev5YKxMHyFjiHYG2CnjZ3rrPa8r1G2hTw,"Custodian 💼 0% fees +MEV!",15798122173853,JitoLabs
BTGPbq4KuFENn4CKuaKGqkaDd3TJD3TEgtMjSrsZnMLb,"",15041982499601,AgaveBam
5yEnvhM4Ld3UZs2n173J2iR369E1ddcbQYeLSZxk4cYj,"Dan's Validator",14326165918446,JitoLabs
DZVySotZvrvJyVAcgjFtUDm93zoCaq9wBruMAUz83CWW,"",13634252505420,Frankendancer
7zAHbRxEQaNjKnQMjFm7j8LebHSGfzsQDdm2ZpUNPa7G,"Bitprim SOL Validator",12588377264503,JitoLabs
avnujiRNoSRe9PcET42DPKznyfYnb2LRaZAsqv6REZo,"AVNU",12014443939153,JitoLabs
3iQqh65Gby53aaYUF8ocoiEyhBs4aoe7BTYYWvy1c9dF,"DAIN",11998347688469,JitoLabs
AS4i8EXUZnPbmNT5ZXmoTEbrXQrbFoReiWwwFB43Ds5z,"Majestysol | 🔥 0% Fee + ⚡ MEV",11785886137962,JitoLabs
5429ouKuzSkH8TV5GULMLtqkEGnJ7H6RsfhDLyscqXoB,"",11778957573310,HarmonicAgave
9fa5wcqnAQqHyn58U1vHHLuZW5GXLcoho7hKT17jGJfZ,"Cryptology",9931611322637,Agave
movJfS8W7z4PzZJbanwt2DDSN3NbZSyadbDp8DnqbAP,"",9399989585600,Frankendancer Rev
BZBKHmW1DhBaAPojxWBQ26vGz42Y7MtNviFZWpc6nGLb,"RockX",8552710329602,JitoLabs
2D2v7sMqDuq2ekZnFhaQm4k2ErWHemZQuYf5qaVTPFmg,"maximka",8231243292955,Frankendancer
777idJ8gG2cZXjc5Wvcq7RBtkvcU1TJ8WoLQSHaU8nN2,"Sextant",7667874488802,AgaveBam
6dtVKjb6vRwNAekki2FXhKv8WTNzQ3xW6HWMCNWqtoDy,"EONpool",7509373228800,JitoLabs
FZrSKKsKfZJovcQWRQFDXz8DbHKCSRZLZqbBAGd1dG57,"",6712805746378,JitoLabs
4vXCtYfPeracuQg3a67Zx4jvtJco6MU3LKip8ax6GkVq,"Kangaroo 🦘",6440469892395,JitoLabs
ChB6C6dmNujAi79XtQLPKLL5SWdNLMShA7KKnrMMFF52,"Viking - Nordic Countries Validator - 0% fees",6037549947652,JitoLabs
2npYpAQcNWcZo85eB43DnSMyeeVCiks7g65YaWVKp8TX,"Google Cloud Web3",4959997717127,Agave
574rvsKGZg8rBuSNX7k8gG2mHFvUMwt22sSgJJBMCQVy,"Khaos",2739068561534,Frankendancer
SENDa18d6LsC1f85AJXXMncBxQyFQKSJWZ1jaop5K87,"SendAI Inc.",2669876480796,AgaveBam
DEU4agzdUCA5oZ1QSLxCyZb1smvdu5j1NXXsK2r823Uu,"",2525744404417,Frankendancer Rev
HwRia5HUmQcvundpC6iFqwfK4iVNKRSmYm1NKsrMkZBC,"Figment | Firedancer",2417775042208,JitoLabs
8mhdbYU3PxALpTfDrdTYvk5obaGxL8ATQMvCLXW9SV2L,"Piranha",1324122090761,JitoLabs
CpdzCVzaR9gjFymmEVE8xHboJFHaDnimRZ448cMBs6Rn,"Anti 🔥 +JitoMEV",1100110953041,AgaveBam
7d7x84jiVtqpz9NK88ocLmu4L15uhdnzMEDmo8Py8oVi,"",1046528486398,Agave
DSRVdh9PQaqAcFtMCbJhyD4yMD5H2EeHNzdbqWctRY4E,"DSRV",831174653726,JitoLabs
9Ukj3PkyD3igEDJGt1QTj9ThzjK6hMiadQfa3gm7kjf1,"InfStones ✅",825761957025,JitoLabs
FSVdqBzx5D4UsqBLnvmH5dFx2dCm1pTPAbQWJ1PYzTJ2,"",671991449010,JitoLabs
CRNyGD7xNPThLjNviGdxoAiHpQXZKx3UeyCfrxnmTi8r,"",516693425513,JitoLabs
34mx1tsh8ZpdeSWAcj5Mqa7e2XoTnAsA6VrHLsg1BdRj,"JumpSOL - Solana Labs",228848869396,JitoLabs
toshB4tPQTFfyd3VFz2tC3nmEFHVmiBMUpcxwWiexn2,"Toshi CSS",110193338001,JitoLabs
AvNsK6uxBBwejyPe7tZqgX4onaCnXTqKQvKRaTe9Ekya,"",104662610649,HarmonicAgave
8j7RdaofeR9jaXWqYTubqooHpcajP7EfhWbR4UKUB4fF,"",72353860213,Frankendancer
BM2vE2QqkB9fGtC34WPtM8drbgta13SBkhRq6dRG9J4J,"Frankendancer-DoubleZero3",65944563411,Frankendancer
RFLCTDRBVZTEbXrCd92jnKghYeDJARb6ByK2JnPfQmH,"Reflect Validator",53754816468,JitoLabs
82vucuWCTTQEz6nYe3VetnL3pJYBrfDF2gDAjec9sPUy,"Frankendancer-DoubleZero1",35981452201,Frankendancer
BithTCxKV3G8bG8ZmmpHcFjdUGwsuSPr8sJFmt8ShjYk,"",11500000000,JitoLabs
hyp3Eo67t6FgeuWg5Qxbeme8NPXJPXXdKT4iJ4DsLf2,"EpRvips2doUUdxvs3Qhf4MCLqVeJEPu47Aci5QbBXASV",7799532555,JitoLabs
F1REzm2dJW1wfj2yHjCMV3FxVs8TXQG9qoW4MFEz6uYo,"",1998717123,Firedancer
fotby1ABxpei2EVH9uXJ6KbHYgPjbg4Sny9eRzQjtRN,"",1998717120,Firedancer
8a4juhtQScHcXPAcqVF3otxLMqxZMDALcE3FEVGBnKu8,"",1100368985,JitoLabs
AYtVvSSrUHaonnS2ypPn3bXtQfxXDzp1YRb41v6Veik4,"BESC LLC VALIDATOR",998788092,Agave
2BqArKDhCnXuyRbuDqfF2Yw1QXbgYQCkThf3CkyVfAWc,"",97717120,Agave
FXXaL4nFfS8vmYjKjdW3sGgAFT1sAjeMqLCNsUmCp741,"",7717120,JitoLabs
6WwZVeoozcJBK6qJF5Cs3PU8pikyJZATD47H52FHDDte,"",2001446,Harmonic
FttTBmXi5tmGJtiRcbVLwfMnY3ngrxw8DNSWRWMrr1WS,"Frankendancer-DoubleZero4",1000000,Frankendancer